Name,Pos,Org,Top 100,Org Rk,Age,TJ Date,FB Type,FB,SL,CB,CH,CMD,RPM FB,RPM Break,Sits,Tops,FV,playerId
"Nate Pearson","SP","TOR",9,1,"24.7916666",,"Rise","70 / 70","65 / 70","45 / 45","40 / 55","45 / 50",2350,2600,"95-100","102","60","20160"
"Luis Patino","SP","TBR",11,3,"21.6083333",,"Rise","65 / 65","55 / 60","","45 / 55","40 / 60",2500,2500,"93-97","99","60","22815"
"Ian Anderson","SP","ATL",12,2,"23.0916666",,"Rise","55 / 60","","50 / 55","70 / 70","55 / 60",2150,1700,"91-95","97","60","19951"
"Matt Manning","SP","DET",17,2,"23.3527777",,"Rise","60 / 60","","60 / 60","50 / 55","45 / 55",2100,2300,"93-96","98","60","sa917924"
"Tarik Skubal","SP","DET",21,3,"24.5416666","4/20/16","Rise","70 / 70","60 / 60","45 / 45","45 / 50","35 / 45",2400,2250,"93-96","97","60","22267"
"MacKenzie Gore","SP","SDP",23,2,"22.2805555",,"Rise","60 / 60","50 / 55","50 / 50","50 / 60","40 / 55",2150,2000,"91-95","97","60","sa3005068"
"Asa Lacy","SP","KCR",24,2,"22.0083333",,"Rise","60 / 70","60 / 70","55 / 60","45 / 50","30 / 45",2200,2400,"93-96","98","55","sa3014423"
"Max Meyer","SP","MIA",25,1,"22.2305555",,"Sink/Tail","60 / 70","65 / 70","","45 / 55","30 / 45",,,"94-98","101","55","sa3014430"
"Josiah Gray","SP","LAD",27,1,"23.4555555",,"Rise/Tail","55 / 55","50 / 55","","50 / 55","50 / 60",2300,2400,"92-95","96","55","sa3007475"
"Grayson Rodriguez","SP","BAL",28,2,"21.5527777",,"Tail","60 / 60","50 / 55","55 / 55","55 / 60","40 / 50",2400,2650,"90-95","97","55","sa3008130"
"Casey Mize","SP","DET",30,4,"24.0944444",,"Tail","55 / 55","60 / 60","","","55 / 60",2250,2500,"92-95","97","55","20492"
"Spencer Howard","SP","PHI",31,1,"24.8527777",,"Rise","55 / 55","50 / 55","55 / 55","60 / 60","40 / 45",2350,2400,"93-97","98","55","23252"
"Michael Kopech","SP","CHW",32,2,"25.0972222","9/18/18","Rise","70 / 70","55 / 60","50 / 55","40 / 45","40 / 45",2550,2600,"94-98","101","55","17282"
"Logan Gilbert","SP","SEA",35,3,"24.0833333",,"Rise","55 / 55","50 / 50","50 / 50","45 / 55","50 / 60",2250,2550,"91-94","96","55","22250"
"Sixto Sanchez","SP","MIA",40,2,"22.85",,"Tail","60 / 60","50 / 50","","60 / 70","50 / 55",2100,2400,"95-99","101","55","19680"
"Quinn Priester","SP","PIT",45,2,"20.7222222",,"Rise","55 / 60","","70 / 80","40 / 50","30 / 45",2150,2500,"94-97","99","55","sa3011297"
"Emerson Hancock","SP","SEA",56,4,"22.0138888",,"Tail","50 / 55","55 / 60","45 / 50","55 / 60","35 / 55",,,"93-96","97","50","sa3014456"
"Triston McKenzie","SP","CLE",58,2,"23.8416666",,"Rise","50 / 50","45 / 50","55 / 55","45 / 50","50 / 60",2350,2200,"90-95","97","50","18000"
"Deivi Garcia","SP","NYY",60,2,"22.0444444",,"Rise","50 / 50","45 / 50","60 / 60","55 / 60","50 / 55",2200,2700,"91-95","97","50","20276"
"Daniel Lynch","SP","KCR",62,3,"24.55",,"Tail","60 / 60","50 / 55","50 / 50","45 / 55","40 / 50",2350,2250,"91-95","97","50","21537"
"Edward Cabrera","SP","MIA",63,5,"23.1444444",,"Tail","60 / 60","50 / 60","","45 / 55","45 / 50",2250,2300,"93-97","99","50","sa920423"
"Simeon Woods Richardson","SP","TOR",73,3,"20.6888888",,"Cut/Rise","50 / 55","","50 / 50","55 / 60","40 / 55",2300,2350,"90-94","97","50","sa3008423"
"Garrett Crochet","SIRP","CHW",74,4,"21.9555555",,"Rise","80 / 80","65 / 70","","30 / 40","30 / 40",2500,2400,"99-101","102","50","27463"
"George Kirby","SP","SEA",76,6,"23.325",,"Rise","60 / 60","40 / 45","50 / 50","45 / 50","55 / 70",2150,2300,"95-99","100","50","sa3011526"
"Jordan Balazovic","SP","MIN",81,5,"22.7166666",,"Rise","55 / 55","50 / 55","55 / 55","40 / 45","45 / 55",2150,2200,"91-94","96","50","sa918017"
"Jhoan Duran","SP","MIN",82,6,"23.4083333",,"Sink","60 / 60","","50 / 55","45 / 50","40 / 45",1800,2700,"95-99","101","50","sa873347"
"DL Hall","MIRP","BAL",83,3,"22.7111111",,"Tail","60 / 60","","55 / 55","50 / 55","30 / 40",2400,2500,"93-96","98","50","sa3005282"
"Daniel Espino","SP","CLE",92,6,"20.4166666",,"Sink/Tail","65 / 65","55 / 60","50 / 55","45 / 55","30 / 50",2250,2600,"94-97","99","50","sa3011495"
"Mick Abel","SP","PHI",95,2,"19.7972222",,"Rise/Tail","50 / 60","","50 / 60","45 / 55","25 / 55",,,"92-94","97","50","sa3014534"
"Matt Allan","SP","NYM",96,3,"20.1333333",,"Rise","55 / 60","","55 / 70","45 / 60","30 / 45",2450,2600,"93-96","97","50","sa3011740"
"Luis Medina","MIRP","NYY",97,5,"22.0888888",,"Tail","65 / 70","","60 / 70","45 / 55","30 / 40",2500,2350,"94-98","101","50","sa928510"
"Gregory Santos","MIRP","SFG",98,5,"21.7694444",,"Cut","60 / 60","60 / 70","","45 / 50","30 / 45",2450,2650,"93-98","100","50","21894"
"A.J. Puk","SP","OAK",99,0,"26.1111111","4/10/18","Rise","65 / 65","60 / 60","50 / 55","55 / 60","45 / 50",2250,2250,"94-97","99","50","19343"
"Tahnaj Thomas","SP","PIT",100,4,"21.9694444",,"Rise","70 / 80","45 / 55","","30 / 40","35 / 60",2300,2400,"93-98","100","50","sa3003066"
"Hunter Greene","SP","CIN",101,3,"21.8305555","4/9/19","Tail","60 / 65","50 / 55","","45 / 55","35 / 60",2300,2325,"95-98","103","50","sa3005315"
"Nick Lodolo","SP","CIN",102,4,"23.3333333",,"Tail","45 / 50","","55 / 55","50 / 55","45 / 55",2250,2400,"91-94","96","50","sa917947"
"Trevor Rogers","SP","MIA",104,6,"23.5611111",,"Tail","60 / 60","40 / 45","","55 / 60","60 / 60",2400,2150,"91-96","97","50","22286"
"Shane Baz","SIRP","TBR",106,7,"21.9666666",,"Rise","60 / 70","","55 / 60","40 / 40","30 / 40",2600,2550,"92-97","100","50","sa3004765"
"Slade Cecconi","SP","ARI",109,5,"21.9472222",,"Rise/Tail","55 / 60","55 / 60","50 / 55","40 / 45","35 / 50",,,"92-96","97","50","sa3014739"
"Matthew Liberatore","SP","STL",110,4,"21.5805555",,"Sink","45 / 50","45 / 55","60 / 60","50 / 55","35 / 55",2000,2800,"92-95","97","50","sa3008163"
"Brailyn Marquez","SIRP","CHC",112,0,"22.3472222",,"Sink/Tail","70 / 80","50 / 50","","50 / 55","30 / 40",2250,2250,"93-97","100","50","21896"
"Corbin Martin","SP","ARI",114,6,"25.4361111","7/4/19","Rise","45 / 50","55 / 55","55 / 55","50 / 55","50 / 55",2400,2650,"93-95","98","50","19884"
"Miguel Yajure","SP","PIT",115,7,"23.0944444","11/22/16","Cut/Rise","50 / 55","","50 / 50","50 / 55","50 / 60",2250,2600,"91-95","97","50","21111"
"Shane McClanahan","MIRP","TBR",118,9,"24.1027777","10/29/15","Tail","65 / 65","","55 / 60","40 / 45","35 / 40",2300,2700,"93-97","100","50","21483"
"Hunter Brown","SP","HOU",119,2,"22.7666666",,"Cut/Rise","60 / 60","50 / 55","60 / 70","40 / 50","30 / 45",2300,2500,"92-95","97","50","sa3010571"
"Seth Johnson","SP","TBR",120,10,"22.7111111",,"Rise","55 / 60","50 / 60","45 / 50","40 / 45","30 / 50",2400,2650,"92-97","99","50","sa3011342"
"Brendan McKay","SP","TBR",121,11,"25.4638888",,"Sink","55 / 55","","55 / 55","50 / 55","55 / 70",2250,2050,"91-95","96","50","20186"
"Aaron Ashby","MIRP","MIL",124,0,"23.0305555",,"Tail","55 / 60","55 / 60","55 / 60","45 / 50","30 / 40",2050,2300,"90-94","96","50","sa3007225"
"Matt Canterino","MIRP","MIN",125,7,"23.475",,"Cut/Rise","50 / 55","55 / 60","50 / 55","55 / 60","40 / 45",2200,2450,"90-93","95","50","sa3011530"
"JJ Goss","SP","TBR",,16,"20.4444444",,"Tail","50 / 55","50 / 55","","","35 / 55",2600,2400,"91-94","96","45+","sa3011420"
"Ryan Pepiot","MIRP","LAD",,6,"23.7888888",,"Rise","55 / 60","","50 / 55","60 / 70","35 / 45",2450,2800,"90-93","94","45+","sa3011244"
"Clayton Beeter","SIRP","LAD",,7,"22.6555555","10/1/17","Rise","70 / 70","70 / 70","60 / 60","30 / 40","30 / 40",2550,2800,"94-97","98","45+","sa3014536"
"Lyon Richardson","SP","CIN",,6,"21.3805555",,"Rise","45 / 50","45 / 50","50 / 50","45 / 55","45 / 55",2250,2500,"89-93","95","45+","sa3007727"
"Bobby Miller","SP","LAD",,8,"22.1666666",,"Sink","60 / 65","55 / 60","","45 / 55","30 / 45",2200,2350,"92-96","98","45+","sa3014422"
"Francisco Morales","SIRP","PHI",,3,"21.6055555",,"Tail","55 / 60","60 / 70","","35 / 45","30 / 45",2500,2400,"93-96","98","45+","sa3004581"
"Cole Winn","SP","TEX",,3,"21.5277777",,,"50 / 55","45 / 50","50 / 55","50 / 55","35 / 50",2350,2500,"92-94","96","45+","sa3008662"
"Blake Walston","SP","ARI",,7,"19.9361111",,"Rise","40 / 45","40 / 45","55 / 70","45 / 55","25 / 55",2150,,"88-92","93","45+","sa3011814"
"Brennan Malone","SP","PIT",,9,"20.7416666",,"Sink","55 / 60","50 / 55","50 / 55","40 / 50","35 / 50",2300,2300,"92-96","99","45+","sa3011741"
"Reid Detmers","SP","LAA",,3,"21.9083333",,,"50 / 55","40 / 45","65 / 70","45 / 55","45 / 60",,,"89-92","94","45+","sa3014425"
"Alek Manoah","SP","TOR",,8,"23.4055555",,"Rise","60 / 60","60 / 70","","40 / 50","35 / 50",2350,2350,"94-97","98","45+","26410"
"Ryan Weathers","SIRP","SDP",,6,"21.5805555",,"Sink/Tail","50 / 55","50 / 55","","40 / 45","50 / 50",2150,2150,"88-93","97","45+","23796"
"Jackson Rutledge","SP","WSN",,1,"22.1777777",,,"70 / 70","60 / 70","45 / 50","45 / 50","30 / 40",2450,2350,"95-98","101","45+","sa3011338"
"Bryan Mata","MIRP","BOS",,3,"22.0888888",,"Sink","60 / 60","45 / 45","50 / 50","55 / 60","40 / 50",2500,2600,"93-96","99","45+","sa917784"
"Jairo Solis","SP","HOU",,3,"21.4527777","8/1/18","Cut/Rise","60 / 60","50 / 50","60 / 60","45 / 55","30 / 45",2300,2500,"92-95","97","45+","sa3003037"
"Kyle Harrison","SP","SFG",,8,"19.8138888",,"Tail","50 / 55","45 / 50","","45 / 60","25 / 55",,,"90-92","94","45+","sa3014513"
"Alec Marsh","SP","KCR",,4,"23.0583333",,,"60 / 60","50 / 55","50 / 50","45 / 50","35 / 50",2400,2350,"94-97","100","45+","sa1159950"
"Clarke Schmidt","SP","NYY",,8,"25.2916666","5/3/17","Sink","60 / 60","","70 / 70","40 / 45","45 / 45",2350,3000,"91-95","96","45+","19899"
"Yoendrys Gomez","SP","NYY",,9,"21.6388888",,"Rise/Tail","55 / 60","","50 / 55","40 / 50","40 / 55",2500,2550,"93-96","98","45+","sa3004650"
"Drew Strotman","SP","TBR",,17,"24.7555555","6/1/18",,"50 / 55","","50 / 55","30 / 40","45 / 50",2200,2550,"92-95","97","45","sa3004584"
"Joe Ryan","MIRP","TBR",,18,"25",,"Rise","60 / 60","","50 / 50","45 / 50","50 / 60",2200,2550,"90-94","96","45","sa3007584"
"Lenny Torres","SP","CLE",,10,"20.6388888","5/15/19","Tail","60 / 60","50 / 60","","40 / 50","40 / 50",2250,2400,"92-95","97","45","sa3008329"
"Jared Kelley","SP","CHW",,5,"19.6722222",,"Sink","55 / 60","","40 / 45","60 / 70","25 / 50",2300,2100,"92-96","99","45","sa3014471"
"Cole Wilcox","SP","TBR",,21,"21.8916666",,"Sink/Tail","55 / 60","55 / 60","","45 / 55","35 / 45",2100,2100,"93-97","100","45","sa3014443"
"Nick Bitsko","SP","TBR",,22,"18.9694444",,"Rise","50 / 60","","50 / 60","35 / 50","25 / 50",,,"92-95","97","45","sa3014476"
"Ethan Hankins","SP","CLE",,12,"21.0333333",,"Tail","55 / 60","50 / 55","50 / 50","45 / 50","30 / 50",2350,2500,"92-95","97","45","sa3008589"
"Sam Hentges","SIRP","CLE",,13,"24.8805555","7/5/17","Sink","65 / 65","","55 / 55","45 / 45","35 / 40",2200,2400,"91-95","99","45","18548"
"Carlos Vargas","SIRP","CLE",,15,"21.6444444",,"Sink","55 / 65","55 / 60","","35 / 45","30 / 40",2250,2400,"94-97","99","45","sa3007467"
"Erik Miller","SP","PHI",,7,"23.3111111",,"Sink","45 / 50","50 / 55","50 / 55","55 / 60","30 / 50",2350,2750,"90-95","96","45","sa3011336"
"Andre Jackson","SP","LAD",,14,"25.0944444","11/1/16","Rise","50 / 50","","50 / 50","45 / 50","45 / 50",2400,2400,"90-93","95","45","sa829605"
"Dane Dunning","SP","TEX",,6,"26.4583333","3/18/19","Sink/Tail","40 / 40","55 / 55","40 / 40","50 / 55","60 / 60",2100,2200,"90-93","94","45","19409"
"Yerry Rodriguez","SP","TEX",,8,"23.6388888",,"Tail","50 / 55","50 / 55","","50 / 55","45 / 50",2500,2700,"92-96","98","45","sa918130"
"Hans Crouse","SIRP","TEX",,9,"22.7222222",,,"60 / 60","","60 / 60","45 / 50","40 / 40",2500,2700,"94-97","98","45","sa3004642"
"Drey Jameson","SP","ARI",,8,"23.8",,"Tail","55 / 60","50 / 50","55 / 60","45 / 50","30 / 45",2300,2550,"93-96","98","45","sa3011652"
"Bryce Jarvis","SP","ARI",,9,"23.4416666",,"Rise","50 / 55","50 / 55","45 / 50","50 / 55","35 / 60",,,"92-94","97","45","sa3014437"
"Ryne Nelson","MIRP","ARI",,11,"23.3444444",,"Cut/Rise","60 / 60","55 / 60","50 / 55","40 / 50","30 / 40",2150,2500,"93-96","97","45","sa3011524"
"Tommy Henry","SP","ARI",,12,"23.85",,"Rise","45 / 50","50 / 55","","50 / 55","35 / 50",2300,2150,"88-92","93","45","sa3011673"
"Matt Tabor","SP","ARI",,13,"22.8916666",,"Rise/Tail","45 / 45","","50 / 55","55 / 60","35 / 50",2450,2450,"90-93","94","45","sa3005334"
"Joey Cantillo","SP","CLE",,17,"21.4638888",,"Rise","45 / 50","","40 / 45","55 / 60","40 / 55",2000,2400,"87-90","92","45","sa3005246"
"Cody Bolton","SP","PIT",,12,"22.9611111",,"Sink","50 / 50","55 / 55","","50 / 50","50 / 50",2450,2600,"92-95","97","45","sa3004975"
"Nick Neidert","SP","MIA",,9,"24.5416666",,,"40 / 40","45 / 45","45 / 45","60 / 60","60 / 70",2300,2250,"90-93","95","45","18699"
"Eury Perez","SP","MIA",,11,"18.1388888",,"Tail","45 / 60","","45 / 50","45 / 60","25 / 55",,,"91-94","95","45","sa3014807"
"Kyle Muller","MIRP","ATL",,7,"23.6611111",,"Rise","70 / 70","55 / 60","55 / 55","45 / 45","30 / 35",2600,2200,"95-96","98","45","sa917931"
"Bryse Wilson","SP","ATL",,9,"23.4583333",,"Rise","45 / 45","40 / 40","55 / 55","40 / 45","55 / 60",2250,2350,"92-94","96","45","19990"
"Jared Shuster","SP","ATL",,10,"22.8388888",,"Rise","55 / 60","45 / 50","","55 / 60","30 / 45",2300,2100,"93-95","97","45","sa3014483"
"Chris McMahon","SP","COL",,5,"22.3361111",,"Tail","50 / 55","50 / 55","","45 / 55","35 / 50",,,"92-95","97","45","sa3014429"
"Dean Kremer","SP","BAL",,10,"25.4111111",,"Rise","50 / 50","","55 / 55","40 / 40","55 / 60",2300,2500,"91-94","96","45","19350"
"Mike Baumann","SP","BAL",,11,"25.7361111",,"Rise","60 / 60","50 / 50","50 / 50","40 / 45","40 / 45",2350,2400,"92-95","97","45","sa829681"
"Cade Cavalli","SP","WSN",,2,"22.8083333",,,"55 / 60","55 / 55","55 / 60","40 / 50","35 / 45",,,"93-97","98","45","sa3014421"
"Joey Wentz","SP","DET",,10,"23.6638888","3/17/20","Cut/Rise","45 / 45","","45 / 50","55 / 60","45 / 55",2350,2350,"88-92","94","45","sa917946"
"Adam Macko","SP","SEA",,9,"20.4305555",,"Rise","55 / 60","55 / 55","55 / 60","","30 / 45",2400,2800,"94-96","98","45","sa3011555"
"Matt Brash","MIRP","SEA",,10,"23.0638888",,"Rise/Tail","55 / 60","55 / 60","50 / 55","40 / 45","30 / 45",,,"94-98","100","45","sa3010616"
"Juan Then","SP","SEA",,11,"21.3277777",,"Tail","55 / 60","55 / 60","","40 / 50","40 / 50",2400,2450,"93-96","98","45","sa3002793"
"Noah Song","SP","BOS",,5,"24.0194444",,"Rise/Tail","55 / 60","50 / 55","50 / 55","40 / 45","40 / 50",2350,2500,"93-95","99","45","sa3011695"
"Tanner Houck","MIRP","BOS",,6,"24.9333333",,"Tail","55 / 55","55 / 60","","","45 / 50",2350,2700,"91-94","96","45","19879"
"Connor Seabold","SP","BOS",,8,"25.3638888",,"Rise","45 / 50","50 / 50","45 / 45","55 / 60","55 / 60",,,"90-93","94","45","sa829464"
"Luis Garcia","SP","HOU",,5,"24.4777777",,"Rise","50 / 50","55 / 55","45 / 50","55 / 60","50 / 50",2400,2500,"91-94","96","45","23735"
"Bryan Abreu","SIRP","HOU",,6,"24.1194444",,"Rise/Tail","60 / 60","70 / 70","80 / 80","","30 / 30",2250,3000,"93-96","97","45","16609"
"Seth Corry","MIRP","SFG",,10,"22.5888888",,"Sink","50 / 55","","55 / 60","50 / 50","35 / 40",2200,2600,"90-94","95","45","sa3004648"
"Tristan Beck","SP","SFG",,12,"24.9472222",,"Rise","50 / 50","45 / 45","55 / 55","55 / 55","40 / 45",2250,2400,"89-94","95","45","sa3008526"
"J.T. Ginn","SP","NYM",,7,"22.0416666",,,"50 / 55","55 / 60","","45 / 50","35 / 50",,,"91-94","96","45","sa3014428"
"Jackson Kowar","SIRP","KCR",,8,"24.6694444",,"Tail","55 / 60","","45 / 45","70 / 70","40 / 45",2300,2400,"93-96","98","45","sa3008273"
"Alexander Vizcaino","SIRP","NYY",,11,"24.0361111",,"Tail","60 / 60","45 / 50","","60 / 70","30 / 35",2150,2500,"93-97","98","45","sa920272"
"Luis Gil","SIRP","NYY",,13,"23.0055555",,"Rise","70 / 70","50 / 50","","40 / 45","40 / 45",2550,2750,"93-97","99","45","sa877821"
"Zack Thompson","SP","STL",,6,"23.6027777",,"Sink","40 / 45","45 / 50","60 / 60","","45 / 50",2050,2900,"91-94","97","45","sa3011128"
"Masyn Winn","SIRP/SS","STL",,7,"19.2055555",,,"60 / 70","","60 / 70","30 / 50","20 / 40",,,"93-96","98","45","sa3014506"
"Johan Oviedo","MIRP","STL",,8,"23.2583333",,"Rise","55 / 60","55 / 60","50 / 50","45 / 50","35 / 45",2300,2500,"93-95","99","45","22487"
"Jack Kochanowicz","SP","LAA",,8,"20.4527777",,"Rise","45 / 50","","50 / 60","45 / 50","30 / 50",2250,2600,"88-92","94","40+","sa3014539"
"Chris Rodriguez","SIRP","LAA",,9,"22.875",,,"60 / 60","60 / 60","55 / 55","40 / 45","35 / 40",2150,2450,"93-96","97","40+","22310"
"Zack Burdi","SIRP","CHW",,6,"26.2388888","7/27/17","Tail","65 / 65","55 / 55","","55 / 55","30 / 35",2600,2700,"96-98","100","40+","19159"
"William Holmes","SP","LAA",,13,"20.4555555",,"Tail","45 / 50","45 / 55","","45 / 55","30 / 50",2450,,"88-94","95","40+","sa3007744"
"Ian Seymour","MIRP","TBR",,23,"22.4777777",,"Tail","45 / 45","50 / 55","","50 / 55","40 / 55",2200,2200,"93-95","96","40+","sa3014512"
"Taj Bradley","SP","TBR",,25,"20.2083333",,"Cut/Rise","55 / 60","50 / 55","","30 / 45","30 / 45",2400,2500,"93-97","97","40+","sa3007839"
"Christian Roa","SP","CIN",,11,"22.175",,"Rise","50 / 50","50 / 50","55 / 55","50 / 55","35 / 50",,,"92-93","96","40+","sa3014477"
"Jared Solomon","SIRP","CIN",,12,"23.9861111","11/22/20","Tail","70 / 70","60 / 60","","","40 / 45",2350,2500,"96-98","99","40+","sa3004589"
"Tony Santillan","SIRP","CIN",,14,"24.1388888",,"Tail","50 / 50","55 / 55","","45 / 50","40 / 45",2200,2600,"91-94","96","40+","sa874781"
"Michael Grove","MIRP","LAD",,16,"24.4638888","5/1/17","Rise","55 / 60","45 / 50","55 / 55","40 / 40","45 / 50",2300,2500,"90-93","95","40+","sa3008625"
"Gerardo Carrillo","SIRP","LAD",,17,"22.7277777",,"Sink/Tail","60 / 65","50 / 55","50 / 50","45 / 55","30 / 40",2300,2650,"93-96","99","40+","sa3002790"
"JoJo Romero","MIRP","PHI",,13,"24.7111111",,"Sink","55 / 55","50 / 55","","50 / 55","45 / 45",2250,2550,"93-95","96","40+","19574"
"Robinson Ortiz","MIRP","LAD",,20,"21.4194444",,"Tail","50 / 55","","45 / 55","50 / 55","30 / 40",2200,2550,"89-94","98","40+","sa3004006"
"Owen White","SP","TEX",,14,"21.8222222",,,"45 / 50","","55 / 60","45 / 55","30 / 50",2300,2500,"92-95","96","40+","sa3014481"
"Justin Slaten","MIRP","TEX",,15,"23.7222222",,,"55 / 55","60 / 70","","45 / 50","35 / 45",2300,2400,"92-96","97","40+","sa3010309"
"Ronny Henriquez","SP","TEX",,16,"20.9583333",,,"55 / 55","40 / 45","","50 / 60","35 / 55",2400,2350,"93-96","97","40+","sa3005835"
"Levi Kelly","MIRP","ARI",,14,"22.0583333",,"Rise","45 / 50","60 / 70","50 / 50","","30 / 40",2250,2500,"90-94","96","40+","sa3008500"
"Luis Frias","SIRP","ARI",,15,"23.0333333",,"Sink","55 / 55","45 / 50","45 / 50","","30 / 40",2350,2350,"93-97","99","40+","sa917588"
"A.J. Alexy","SIRP","TEX",,19,"23.1222222",,"Rise","60 / 60","","55 / 60","40 / 45","30 / 35",2250,2400,"93-97","99","40+","sa919115"
"Jhosmer Alvarez","SIRP","ARI",,18,"19.9333333",,"Rise","50 / 55","","40 / 45","","35 / 40",2100,2200,"92-96","98","40+","sa3005437"
"Ricky Vanasco","MIRP","TEX",,22,"22.6444444","44095","Rise","55 / 60","","60 / 70","","35 / 40",2250,,"92-96","98","40+","sa3004863"
"Justin Martinez","SP","ARI",,19,"19.8472222",,"Tail","55 / 60","45 / 50","","40 / 50","30 / 50",2350,2300,"92-96","98","40+","sa3005864"
"Dane Acker","SP","TEX",,23,"22.1777777",,,"55 / 60","45 / 50","45 / 50","40 / 45","30 / 45",,,"92-97","99","40+","sa3014924"
"Josh Sborz","SIRP","TEX",,25,"27.4666666",,"Sink","60 / 60","60 / 60","50 / 50","","50 / 50",2300,2200,"92-95","97","40+","18323"
"Avery Weems","MIRP","TEX",,26,"23.9972222",,"Tail","50 / 50","","55 / 60","45 / 50","30 / 40",,,"92-94","96","40+","sa3010256"
"Emmanuel Clase","SIRP","CLE",,18,"23.2138888",,"Cut","80 / 80","50 / 55","","","40 / 40",2500,2500,"98-100","102","40+","21032"
"Demarcus Evans","SIRP","TEX",,27,"24.6194444",,"Rise","70 / 70","","45 / 45","","30 / 40",2550,2450,"92-95","97","40+","21087"
"Tanner Burns","SP","CLE",,20,"22.4361111",,"Rise","45 / 50","50 / 55","45 / 45","45 / 50","40 / 50",2350,2600,"90-94","95","40+","sa3014451"
"Logan Allen","SP","CLE",,21,"22.75",,"Tail","45 / 50","","45 / 50","50 / 60","35 / 55",,2400,"89-92","94","40+","sa3014444"
"Nick Mikolajchak","SIRP","CLE",,24,"23.5388888",,"Rise","55 / 60","","55 / 60","50 / 55","40 / 50",2350,2900,"90-93","95","40+","sa3010303"
"Josh Wolf","SIRP","CLE",,25,"20.7611111",,"Tail","50 / 60","35 / 55","50 / 60","40 / 45","30 / 45",2300,2350,"92-95","97","40+","sa3011638"
"Cody Morris","MIRP","CLE",,26,"24.5861111","6/2/15","Tail","55 / 55","","50 / 55","50 / 50","40 / 45",2400,2400,"92-95","98","40+","sa3008653"
"Carmen Mlodzinski","SP","PIT",,14,"22.2944444",,"Sink","55 / 60","50 / 50","","40 / 45","35 / 50",,,"93-97","98","40+","sa3014505"
"Roansy Contreras","SP","PIT",,15,"21.5777777",,"Rise","50 / 55","50 / 55","","50 / 55","45 / 50",2400,2500,"92-95","96","40+","sa3003020"
"Jared Jones","SIRP","PIT",,17,"19.8305555",,"Rise","60 / 60","50 / 60","55 / 55","40 / 50","20 / 35",,,"93-97","99","40+","sa3014459"
"Jose Soriano","SIRP","PIT",,22,"22.625","2/6/20","Rise","55 / 60","","50 / 55","30 / 40","30 / 40",2250,2300,"93-97","99","40+","sa916702"
"Dax Fulton","SP","MIA",,17,"19.6361111",,,"50 / 60","","55 / 60","40 / 50","20 / 50",,,"91-95","96","40+","sa3014535"
"Luis Oviedo","MIRP","PIT",,23,"22.0555555",,"Tail","55 / 60","","55 / 55","45 / 55","30 / 40",2250,2350,"94-96","98","40+","21728"
"Eddy Yean","SP","PIT",,25,"19.9444444",,"Tail","50 / 60","50 / 55","","45 / 55","25 / 50",2300,2350,"91-94","96","40+","sa3006543"
"Kyle Nicolas","SIRP","MIA",,20,"22.2861111",,,"55 / 60","55 / 60","45 / 45","30 / 30","30 / 40",,,"92-94","97","40+","sa3014523"
"Nick Mears","SIRP","PIT",,27,"24.6611111",,"Rise","70 / 70","","50 / 55","","20 / 35",2400,2450,"94-97","98","40+","25376"
"Tucker Davidson","MIRP","ATL",,13,"25.1944444",,"Rise","45 / 55","50 / 55","55 / 55","40 / 40","40 / 40",2200,2500,"91-95","98","40+","19871"
"Freddy Tarnok","SP","ATL",,14,"22.5305555",,"Rise","45 / 55","","50 / 55","45 / 55","35 / 50",2450,2275,"89-92","96","40+","sa3005175"
"CJ Van Eyk","SP","TOR",,10,"22.7222222",,"Rise","50 / 50","50 / 55","45 / 50","50 / 55","30 / 45",2250,,"91-94","96","40+","sa3014713"
"Julian Merryweather","SIRP","TOR",,12,"29.6416666","3/10/18","Rise","70 / 70","50 / 50","45 / 45","60 / 60","45 / 45",2200,2550,"96-98","99","40+","16703"
"Helcris Olivarez","SP","COL",,9,"20.825",,"Tail","55 / 60","","50 / 55","30 / 45","30 / 45",2350,2550,"94-96","98","40+","sa3002965"
"Sam Weatherly","SP","COL",,11,"22.0194444",,"Tail","55 / 60","55 / 60","","30 / 45","30 / 45",2350,2650,"92-95","97","40+","sa3014455"
"Ryan Rolison","SP","COL",,12,"23.9",,"Cut/Rise","40 / 45","","60 / 60","40 / 50","35 / 45",2250,2600,"89-94","96","40+","sa3008244"
"Justin Lange","SP","SDP",,7,"19.7333333",,,"55 / 60","40 / 50","","40 / 50","20 / 45",,,"92-97","100","40+","sa3014517"
"Lucas Gilbreath","SIRP","COL",,13,"25.25",,"Cut/Rise","60 / 60","50 / 55","","","40 / 40",2300,,"93-96","97","40+","21290"
"Reiss Knehr","MIRP","SDP",,8,"24.5888888",,"Tail","45 / 50","45 / 50","","50 / 55","40 / 45",,,"91-94","95","40+","sa3006952"
"Anderson Espinoza","MIRP","SDP",,9,"23.2388888","4/22/19*",,"55 / 55","","55 / 55","50 / 55","30 / 40",2200,2750,"93-96","97","40+","sa872856"
"Andry Lara","SP","WSN",,4,"18.4138888",,,"45 / 55","50 / 55","","40 / 50","25 / 55",,,"89-93","96","40+","sa3014716"
"Alex Lange","SIRP","DET",,11,"25.675",,"Rise","60 / 60","60 / 60","50 / 50","55 / 55","35 / 40",2300,2150,"95-97","98","40+","19883"
"Seth Romero","MIRP","WSN",,6,"25.1277777","8/30/18","Sink","45 / 50","55 / 60","","55 / 60","40 / 40",2300,2300,"91-93","96","40+","21333"
"Matt Cronin","SIRP","WSN",,7,"23.7083333",,"Rise","60 / 65","","55 / 60","40 / 45","40 / 45",2400,2550,"93-95","96","40+","sa3011463"
"Cole Henry","SIRP","WSN",,8,"21.8888888",,"Tail","55 / 60","","50 / 60","40 / 50","30 / 45",,,"91-96","96","40+","sa3014446"
"Brandon Williamson","MIRP","SEA",,12,"23.175",,"Rise","55 / 55","50 / 55","55 / 60","45 / 50","35 / 40",2250,2650,"92-95","97","40+","sa3011494"
"Wyatt Mills","SIRP","SEA",,13,"26.3611111",,"Sink/Tail","50 / 50","55 / 55","","45 / 50","50 / 55",2050,2550,"92-94","95","40+","20010"
"Josh Winder","SP","MIN",,13,"24.65",,"Rise","50 / 55","50 / 50","45 / 50","45 / 50","40 / 45",2150,2400,"91-93","96","40+","sa3007993"
"Eduard Bazardo","SIRP","BOS",,11,"25.7611111",,"Rise","55 / 60","","70 / 70","","30 / 35",2250,2900,"94-96","98","40+","20997"
"Cole Sands","SP","MIN",,14,"23.8833333",,"Tail","50 / 55","","55 / 55","45 / 50","40 / 45",2450,3000,"91-94","96","40+","sa3008611"
"Brayan Bello","SIRP","BOS",,12,"22.05",,"Tail","55 / 60","40 / 45","","55 / 60","30 / 40",2250,2400,"92-95","98","40+","sa3005436"
"Jay Groome","SP","BOS",,13,"22.7833333","5/15/18","Rise","50 / 50","40 / 45","55 / 55","45 / 50","40 / 50",2250,2500,"92-94","95","40+","sa917925"
"Thaddeus Ward","MIRP","BOS",,14,"24.3861111",,"Tail","45 / 50","50 / 55","45 / 45","40 / 45","40 / 45",2250,2700,"90-94","96","40+","sa3008098"
"Aldo Ramirez","SP","BOS",,15,"20.0805555",,"Rise","45 / 50","45 / 50","","45 / 55","35 / 60",2150,2200,"90-95","96","40+","sa3005371"
"Garrett Whitlock","MIRP","BOS",,17,"24.9833333","7/25/19","Tail","55 / 55","50 / 50","","60 / 60","50 / 55",2250,2050,"92-95","96","40+","20191"
"Peter Solomon","SP","HOU",,9,"24.8027777","6/1/19",,"50 / 50","50 / 50","50 / 50","55 / 60","40 / 45",2350,2550,"90-94","95","40+","20476"
"Tyler Ivey","MIRP","HOU",,10,"25.0638888",,"Rise","55 / 55","45 / 50","60 / 60","45 / 50","40 / 40",2350,2700,"90-92","95","40+","20237"
"Forrest Whitley","MIRP","HOU",,11,"23.7222222","3/17/21","Rise","60 / 60","55 / 55","60 / 60","60 / 60","30 / 40",2500,2900,"93-97","99","40+","sa917930"
"Shawn Dubin","SIRP","HOU",,13,"25.7472222",,"Rise","55 / 55","60 / 60","50 / 50","","40 / 40",2300,2750,"92-95","97","40+","sa3007248"
"Camilo Doval","SIRP","SFG",,14,"23.9194444",,"Cut","","55 / 55","","","20 / 30",2750,2700,"93-98","99","40+","21992"
"Nick Swiney","SP","SFG",,17,"22.3138888",,"Rise","40 / 45","","50 / 55","50 / 55","35 / 55",2050,2700,"88-92","93","40+","sa3014542"
"Sam Delaplane","SIRP","SFG",,19,"26.1888888","4/13/20","Rise","60 / 60","70 / 70","","","40 / 45",2150,2800,"92-95","97","40+","sa3004222"
"Thomas Szapucki","MIRP","NYM",,10,"24.9805555","7/19/17","Tail","50 / 55","","60 / 60","40 / 45","40 / 45",2200,2400,"88-94","96","40+","sa875054"
"Blake Rivera","SIRP","SFG",,20,"23.4055555",,"Cut","55 / 55","","70 / 70","40 / 40","40 / 40",2600,2800,"92-96","97","40+","sa3008261"
"Sean Hjelle","SP","SFG",,21,"24.0777777",,"None","50 / 50","","45 / 50","45 / 50","45 / 55",2500,2200,"91-94","96","40+","sa3007989"
"Kervin Castro","SIRP","SFG",,22,"22.3277777","5/1/17","Rise","60 / 60","","50 / 55","","30 / 40",2250,,"93-96","98","40+","sa916834"
"Manuel Mercedes","SP","SFG",,23,"18.7055555",,"Tail","50 / 60","40 / 50","","35 / 60","20 / 45",,,"94-97","98","40+",
"Angel Zerpa","SP","KCR",,10,"21.6888888",,"Tail","40 / 40","","50 / 55","55 / 60","35 / 60",,,"91-93","94","40+","sa3002993"
"Jonathan Bowlan","SP","KCR",,11,"24.5111111",,"Sink","50 / 55","50 / 55","","40 / 45","50 / 60",2250,2300,"91-95","97","40+","sa3006973"
"John McMillon","SIRP","KCR",,12,"23.3555555",,"Rise","60 / 70","50 / 55","","","30 / 35",,,"94-96","97","40+",
"Austin Cox","MIRP","KCR",,15,"24.1861111",,"Rise","45 / 50","50 / 50","50 / 50","50 / 55","30 / 40",2200,2450,"89-93","95","40+","sa3007777"
"Jake Brentz","SIRP","KCR",,16,"26.725",,"Tail","60 / 60","50 / 55","","40 / 40","50 / 50",2350,2150,"95-97","100","40+","17783"
"T.J. Sikkema","SP","NYY",,15,"22.8611111",,"Tail","45 / 50","50 / 55","","40 / 50","45 / 60",2250,2300,"90-94","95","40+","sa3011191"
"Tink Hence","SP","STL",,12,"18.8305555",,"Rise","45 / 55","","50 / 60","40 / 50","25 / 55",,,"90-94","96","40+","sa3014709"
"Ian Bedell","SP","STL",,13,"21.75",,"Rise/Tail","40 / 50","","55 / 60","40 / 50","35 / 60",,,"88-93","94","40+","sa3014538"
"Davis Daniel","SIRP","LAA",,15,"23.9833333","4/25/19","Rise","45 / 55","","55 / 60","","30 / 40",,,"90-93","94","40","sa3015037"
"Matthew Thompson","SP","CHW",,10,"20.8166666",,"Rise","45 / 55","","45 / 55","40 / 50","30 / 45",2300,2100,"91-94","96","40","sa3011866"
"Alejandro Hidalgo","SP","LAA",,16,"18.0361111",,"Rise","40 / 50","","50 / 60","40 / 50","20 / 45",,,"92-94","97","40",
"Andrew Dalquist","SP","CHW",,11,"20.5611111",,"Tail","40 / 45","40 / 50","45 / 55","40 / 50","35 / 55",2100,2300,"91-93","95","40","sa3011841"
"Hector Yan","MIRP","LAA",,17,"22.1083333",,"Tail","50 / 65","45 / 45","","40 / 45","30 / 40",2150,2450,"90-94","96","40","sa917194"
"Jonathan Stiever","SP","CHW",,12,"24.0638888",,"Sink","40 / 45","45 / 50","45 / 45","50 / 55","45 / 55",2350,2300,"90-94","95","40","24584"
"Josh Fleming","SP","TBR",,28,"25.0472222",,"Sink/Tail","40 / 40","","","50 / 50","70 / 70",1850,1850,"89-92","94","40","20418"
"Packy Naughton","MIRP","LAA",,19,"25.1361111",,"Tail","45 / 45","45 / 50","40 / 40","50 / 50","55 / 55",2000,2100,"87-92","94","40","sa913120"
"Norge Vera","RHP","CHW",,14,"21.0111111",,,"45 / 50","","50 / 55","40 / 50","40 / 50",,,"90-94","97","40",
"John Doxakis","MIRP","TBR",,30,"22.7916666",,"SInk/Tail","40 / 45","50 / 55","","50 / 55","45 / 60",2250,2400,"88-92","93","40","sa1115967"
"Michael Mercado","SP","TBR",,31,"22.1388888",,,"45 / 50","40 / 50","45 / 55","","45 / 55",2200,2250,"90-94","95","40","sa3005024"
"Aaron Hernandez","SIRP","LAA",,22,"24.5083333",,,"45 / 50","50 / 50","50 / 55","40 / 50","30 / 40",2200,2800,"91-95","97","40","sa3008599"
"Sadrac Franco","SIRP","LAA",,23,"21.0027777",,,"50 / 55","","50 / 55","40 / 45","30 / 40",2300,,"92-96","97","40","sa3005073"
"Neraldo Catalina","SIRP","TBR",,34,"20.9555555",,"Tail","60 / 70","45 / 55","","","30 / 35",2300,2200,"93-96","97","40","sa1172730"
"Kade McClure","MIRP","CHW",,19,"25.3138888",,"Rise","50 / 55","50 / 55","45 / 50","","45 / 50",2300,2350,"92-94","95","40","sa915622"
"Hunter Barnhart","SP","TBR",,35,"19.3083333",,,"40 / 55","","50 / 55","30 / 45","20 / 45",,,"88-92","94","40","sa3014467"
"Tanner Dodson","SIRP/CF","TBR",,36,"24.0722222",,,"55 / 60","55 / 60","","45 / 50","40 / 45",2250,2450,"91-95","97","40","sa3007008"
"Tyler Johnson","SIRP","CHW",,23,"25.7888888",,"Cut","60 / 60","","55 / 55","40 / 45","30 / 40",2350,2350,"93-95","97","40","sa915688"
"Tommy Romero","MIRP","TBR",,39,"23.9083333",,"Cut/Rise","50 / 50","","45 / 45","45 / 50","50 / 55",2200,,"90-93","94","40","sa3004469"
"Michael Plassmeyer","SP","TBR",,40,"24.5833333",,"Tail","45 / 45","45 / 45","45 / 45","50 / 55","55 / 60",2300,2150,"87-91","93","40","sa3006962"
"Jose De Leon","MIRP","CIN",,16,"28.8277777","3/13/18","Sink","55 / 55","45 / 45","","60 / 60","40 / 40",2100,2500,"93-96","98","40","15463"
"Vladimir Gutierrez","MIRP","CIN",,17,"25.7138888",,"Tail","55 / 55","60 / 60","60 / 60","50 / 55","45 / 50",2100,2600,"90-93","97","40","19278"
"Ryan Hendrix","SIRP","CIN",,18,"26.4694444",,"Sink","55 / 55","60 / 60","","","35 / 40",2250,2550,"93-96","98","40","19535"
"Bryce Bonnin","SIRP","CIN",,19,"22.65",,"Sink","55 / 55","55 / 60","","30 / 45","30 / 40",2150,2400,"93-96","97","40","sa3014453"
"Victor Gonzalez","SIRP","LAD",,21,"25.5527777","1/1/17","Sink/Tail","60 / 60","60 / 60","","45 / 45","40 / 40",2150,2550,"93-95","97","40","16408"
"Riley O'Brien","SIRP","CIN",,20,"26.3305555",,"Tail","55 / 55","","55 / 60","45 / 50","40 / 50",2300,2600,"92-95","97","40","sa3004210"
"Nick Robertson","SIRP","LAD",,22,"22.8861111","3/1/17","Rise","60 / 60","","60 / 60","","30 / 40",,,"93-96","98","40","sa3011248"
"Connor Brogdon","SIRP","PHI",,17,"26.35",,"Rise","55 / 55","","","60 / 60","50 / 50",2450,2350,"93-95","97","40","21205"
"Graham Ashcraft","SIRP","CIN",,22,"23.3166666",,"Rise","55 / 60","50 / 55","55 / 60","40 / 50","40 / 50",2600,2750,"94-96","97","40","sa918274"
"Kendall Williams","SP","LAD",,24,"20.7805555",,"Rise","50 / 55","","45 / 55","45 / 50","30 / 40",2150,2500,"90-94","96","40","sa3011674"
"James McArthur","SP","PHI",,18,"24.4833333",,"Rise","55 / 60","50 / 55","50 / 55","35 / 40","30 / 45",2400,2800,"93-95","96","40","sa3007715"
"Landon Knack","SIRP","LAD",,25,"24.3888888",,"Sink","60 / 60","50 / 55","","","30 / 40",,,"94-97","98","40","sa3014518"
"Gunner Mayer","SP","PHI",,19,"20.8555555",,"Rise","45 / 55","50 / 60","","30 / 45","30 / 50",2400,2350,"90-94","95","40","sa3011199"
"Jimmy Lewis","SP","LAD",,26,"20.5916666",,"Sink","40 / 40","","45 / 50","45 / 55","35 / 55",2250,2250,"90-92","93","40","sa3014533"
"Eduar Segovia","SP","PHI",,21,"20.4027777",,"Tail","45 / 50","50 / 55","","30 / 45","30 / 50",2250,2300,"92-95","97","40","sa3008374"
"Jerming Rosario","SP","LAD",,28,"19.075",,"Tail","40 / 50","","40 / 45","50 / 60","25 / 60",2200,2250,"89-92","94","40","sa3008678"
"Adonis Medina","SP","PHI",,22,"24.4638888",,"Sink/Tail","40 / 40","45 / 45","","55 / 60","50 / 55",2200,2500,"90-94","96","40","19903"
"Alex Vesia","SIRP","LAD",,29,"25.15",,,"45 / 45","","45 / 45","60 / 60","45 / 45",2400,2250,"91-94","95","40","25007"
"Damon Jones","SIRP","PHI",,23,"26.6805555",,"Rise","55 / 55","60 / 60","","","30 / 35",2350,2700,"91-94","96","40","sa3004862"
"Carlos Duran","SIRP","LAD",,30,"19.8472222",,"Sink","50 / 55","","55 / 60","40 / 50","25 / 50",2050,2700,"89-94","96","40","sa3006404"
"Starlyn Castillo","SP","PHI",,24,"19.2805555",,"Tail","55 / 60","55 / 60","","40 / 50","30 / 45",2250,2500,"93-95","97","40","sa3011608"
"Ethan Lindow","SP","PHI",,25,"22.6388888",,"Tail","50 / 50","45 / 45","50 / 50","40 / 45","45 / 55",2200,2350,"87-90","92","40","sa3005028"
"Edwin Uceta","SP","LAD",,35,"23.4055555",,"Tail","45 / 45","","50 / 55","50 / 55","45 / 55",2350,2300,"89-92","94","40","20539"
"J.B. Bukauskas","SIRP","ARI",,21,"24.65",,"Tail","50 / 50","45 / 45","","70 / 70","40 / 40",2500,2450,"92-94","96","40","20491"
"Conor Grammes","SIRP","ARI",,22,"23.8777777",,"Tail","65 / 70","60 / 70","","40 / 45","20 / 30",2200,2550,"94-97","99","40","sa3011651"
"Tyler Phillips","SP","TEX",,29,"23.6055555",,,"40 / 40","40 / 45","50 / 50","55 / 55","55 / 70",2200,2300,"92-94","96","40","sa875646"
"Kyle Cody","SIRP","TEX",,30,"26.8222222",,,"60 / 60","","60 / 60","45 / 50","40 / 40",2200,2550,"93-96","98","40","19686"
"Taylor Widener","SP","ARI",,27,"26.6138888",,"Cut","40 / 40","45 / 45","","60 / 60","50 / 55",2250,2150,"91-96","98","40","19266"
"Humberto Mejia","MIRP","ARI",,28,"24.2555555",,"Rise","50 / 50","45 / 45","55 / 55","40 / 45","40 / 45",2300,2350,"90-93","95","40","20739"
"Jon Duplantier","SP","ARI",,29,"26.9",,"Tail","40 / 40","55 / 55","50 / 50","50 / 55","50 / 55",2250,2600,"91-94","96","40","19546"
"Mason Englert","SP","TEX",,33,"21.5944444",,,"40 / 45","","50 / 55","40 / 50","30 / 50",,,"90-93","95","40","sa3015036"
"Liam Norris","SP","ARI",,31,"19.8111111",,"Rise","40 / 50","45 / 50","50 / 55","30 / 40","20 / 45",,,"90-94","95","40","sa3014543"
"Matt Peacock","MIRP","ARI",,32,"27.2722222",,"Sink","55 / 55","45 / 50","","50 / 55","45 / 45",2100,2800,"90-94","95","40","20339"
"Cole Ragans","SP","TEX",,36,"23.4805555",,,"45 / 45","","40 / 45","60 / 60","40 / 60",2100,2000,"91-94","96","40","sa917938"
"Ryan Garcia","SP","TEX",,37,"23.3638888","43891","Rise","40 / 40","50 / 55","45 / 45","40 / 45","30 / 50",2300,2350,"91-93","94","40","sa3011190"
"Josh Green","SP","ARI",,34,"25.7638888",,"Sink","50 / 50","50 / 50","55 / 55","45 / 50","45 / 50",2050,2550,"92-95","96","40","sa3006701"
"Hunter Gaddis","MIRP","CLE",,29,"23.1555555",,"Rise","45 / 50","50 / 55","40 / 40","55 / 60","40 / 50",2250,2350,"90-93","96","40","sa3010621"
"Tekoah Roby","SP","TEX",,38,"19.7138888",,,"40 / 50","","40 / 45","45 / 55","25 / 50",,,"90-92","94","40","sa3014519"
"Marc Church","SIRP","TEX",,41,"20.1805555",,"Rise","60 / 60","50 / 55","","","35 / 55",,,"94-96","97","40","sa3015080"
"Nick Sandlin","SIRP","CLE",,33,"24.4027777",,"Tail","45 / 45","50 / 55","50 / 50","50 / 55","50 / 60",2200,2750,"90-93","95","40","20517"
"Trevor Stephan","SIRP","CLE",,34,"25.5277777",,"Tail","60 / 60","55 / 60","","40 / 45","40 / 50",2350,2500,"90-94","97","40","19932"
"Alex Speas","SIRP","TEX",,43,"23.2527777",,,"70 / 70","","70 / 70","","20 / 30",2350,2700,"95-97","99","40","sa917945"
"Cole Uvila","SIRP","TEX",,44,"27.3472222",,"Rise","50 / 50","","60 / 60","55 / 55","30 / 40",2550,,"91-94","96","40","sa3006804"
"Nic Laio","SIRP","TEX",,45,"23.8527777",,"Tail","50 / 50","50 / 60","","35 / 45","45 / 50",,,"93-94","95","40","sa3009861"
"Raymond Burgos","MIRP","CLE",,37,"22.5166666","9/7/16","Tail","50 / 50","40 / 45","50 / 50","55 / 55","45 / 50",2200,2350,"91-94","96","40","sa918469"
"Michael Burrows","SIRP","PIT",,28,"21.575",,"Rise","50 / 55","","55 / 60","","30 / 40",2550,2800,"90-94","96","40","sa3008517"
"Nick Garcia","SP","PIT",,29,"22.125",,"Rise","45 / 50","45 / 50","40 / 45","40 / 50","30 / 50",,,"91-94","98","40","sa3014501"
"Cody Poteet","SP","MIA",,24,"26.8472222",,"Sink/Tail","45 / 45","50 / 50","45 / 45","55 / 55","50 / 50",,,"92-95","96","40","18769"
"Wil Crowe","MIRP","PIT",,30,"26.7388888","4/1/15","Cut","55 / 55","50 / 50","50 / 55","55 / 55","40 / 45",2350,2800,"91-94","96","40","19800"
"Evan Fitterer","SP","MIA",,25,"20.9416666",,,"45 / 50","45 / 50","50 / 55","40 / 50","35 / 55",2350,2550,"90-92","94","40","sa3011433"
"Steven Jennings","SP","PIT",,31,"22.5611111",,"Rise","40 / 45","50 / 55","45 / 50","35 / 45","35 / 60",2500,3000,"88-92","93","40","sa3004812"
"Jake Eder","SIRP","MIA",,26,"22.6555555",,,"55 / 55","","55 / 60","","30 / 40",,,"92-95","97","40","sa3014917"
"David Bednar","SIRP","PIT",,32,"26.6527777",,"None","60 / 60","","60 / 60","","35 / 40",2400,2500,"92-95","97","40","19569"
"Austin Roberts","SP","PIT",,33,"22.8555555",,,"50 / 55","","50 / 50","55 / 60","30 / 40",2250,,"92-95","96","40","sa3010254"
"Braxton Garrett","SP","MIA",,28,"23.8333333","6/20/17",,"40 / 40","45 / 45","55 / 55","50 / 50","50 / 55",2100,2350,"91-92","96","40","21844"
"Zach McCambley","SP","MIA",,29,"22.1166666",,"Sink","40 / 45","20 / 55","70 / 70","40 / 45","30 / 45",2500,2700,"89-93","95","40","sa3014478"
"Blake Cederlind","SIRP","PIT",,35,"25.4194444","3/23/21","Sink","60 / 60","50 / 50","","","30 / 35",2150,2000,"96-98","100","40","20344"
"Zach Pop","SIRP","MIA",,30,"24.7083333","5/14/19","Sink","60 / 60","50 / 50","","","50 / 50",2150,2450,"94-96","98","40","20185"
"Santiago Florez","SIRP","PIT",,36,"21.0722222",,"Rise","50 / 60","","50 / 60","","30 / 45",2400,2800,"92-94","95","40","sa3003026"
"Chris Mokma","SP","MIA",,31,"20.3166666",,,"45 / 50","40 / 50","","45 / 55","25 / 55",2250,2200,"89-93","94","40","sa3011750"
"Max Kranick","SP","PIT",,38,"23.8722222",,"Tail","50 / 55","45 / 50","","40 / 45","45 / 45",,,"92-96","98","40","sa919118"
"Jasseel De La Cruz","SIRP","ATL",,17,"23.9416666",,"Rise","55 / 60","55 / 60","","40 / 45","40 / 40",2300,2750,"91-97","99","40","sa879559"
"Anthony Bender","SIRP","MIA",,34,"26.3388888",,"Tail","60 / 60","55 / 55","","","40 / 45",,,"96-98","99","40","19742"
"Victor Vodnik","SIRP","ATL",,18,"21.6555555",,"Rise","60 / 65","45 / 45","","50 / 55","30 / 40",2350,2200,"92-96","98","40","sa3008527"
"Josh Roberson","SIRP","MIA",,35,"25.0638888","5/31/17",,"50 / 55","55 / 60","","40 / 45","40 / 45",2300,2500,"90-93","95","40","sa3007721"
"William Woods","SIRP","ATL",,21,"22.4333333",,"Rise/Tail","55 / 60","45 / 55","","30 / 40","30 / 40",2400,,"96-99","100","40","sa3007256"
"Spencer Strider","SP","ATL",,22,"22.6027777",,"Tail","50 / 55","","50 / 55","30 / 50","35 / 50",2300,2250,"91-95","97","40",
"Patrick Weigel","SIRP","ATL",,23,"26.9083333","6/27/17","Tail","55 / 55","60 / 60","55 / 55","45 / 50","35 / 40",2350,3000,"91-95","98","40","17792"
"Ricky DeVito","SP","ATL",,24,"22.7888888",,"0.0625","50 / 50","","45 / 50","","30 / 40",2200,,"92-95","97","40","sa1116003"
"Bryce Elder","SP","ATL",,25,"22.0444444",,"0.0625","50 / 50","50 / 50","45 / 45","45 / 50","35 / 55",2100,,"90-92","94","40","sa3014515"
"Adam Kloffenstein","SP","TOR",,13,"20.7777777",,"Sink","45 / 50","50 / 55","40 / 45","40 / 50","30 / 50",2000,2300,"88-92","94","40","sa3008578"
"Eric Pardinho","SP","TOR",,16,"20.4166666","2/11/20","Sink","40 / 50","45 / 50","50 / 55","45 / 50","35 / 55",2100,2100,"90-93","94","40","sa968102"
"Joey Murray","MIRP","TOR",,17,"24.7",,"Rise","50 / 55","50 / 55","50 / 55","40 / 45","40 / 45",2450,2700,"88-91","93","40","sa3007234"
"Hagen Danner","SIRP","TOR",,21,"22.6805555",,,"60 / 60","50 / 55","","","35 / 40",,,"94-97",,"40","sa3004501"
"Jackson Rees","SIRP","TOR",,22,"26.8472222",,"Sink","50 / 50","","70 / 70","","35 / 35",2350,2750,"91-94","95","40","sa3007818"
"Ryan Feltner","SP","COL",,18,"24.7583333",,"Tail/Rise","50 / 50","50 / 50","45 / 50","50 / 55","40 / 50",2300,2650,"91-93","95","40","sa3008222"
"Trent Palmer","MIRP","TOR",,25,"22.1722222",,"Tail","45 / 50","40 / 45","35 / 40","","30 / 45",,,"92-94","96","40","sa3014491"
"Tommy Doyle","SIRP","COL",,20,"25.0944444",,"Rise","50 / 55","60 / 60","","40 / 45","45 / 50",2250,2550,"92-95","97","40","21281"
"Ethan Elliott","MIRP","SDP",,15,"24.1027777",,,"45 / 45","45 / 50","","55 / 60","45 / 60",,,"88-92","93","40","sa3010380"
"Tony Locey","SIRP","COL",,22,"22.85",,,"50 / 60","45 / 55","","30 / 40","30 / 50",,2300,"92-95","97","40","sa3011123"
"Carlos Guarate","SP","SDP",,17,"20.1805555",,,"45 / 45","","50 / 55","40 / 50","35 / 50",2300,2400,"88-91","93","40","sa3006127"
"Karl Kauffmann","SP","COL",,23,"23.8055555",,,"45 / 50","45 / 50","","50 / 55","30 / 45",,,"91-94","96","40","sa3014526"
"Efrain Contreras","SP","SDP",,18,"21.425",,,"50 / 50","45 / 50","","55 / 60","35 / 55",,,"92-94","97","40","sa3005692"
"Sam McWilliams","SIRP","SDP",,19,"25.7527777",,"Tail","60 / 60","50 / 55","","","30 / 40",2500,2500,"94-97","98","40","sa829124"
"Zac Lowther","SP","BAL",,18,"25.0972222",,"Tail","40 / 40","","45 / 45","55 / 60","45 / 50",2200,2550,"88-91","94","40","20243"
"Steven Wilson","SIRP","SDP",,20,"26.7805555","2/1/16","Rise","60 / 60","55 / 55","","30 / 30","40 / 45",2450,2750,"91-95","97","40","sa3006795"
"Reggie Lawson","SIRP","SDP",,21,"23.8416666","3/20/20",,"50 / 55","","55 / 55","45 / 50","35 / 45",2200,2300,"92-95","97","40","sa917951"
"Mason Thompson","SIRP","SDP",,22,"23.2916666","3/18/15",,"50 / 60","50 / 50","40 / 55","50 / 60","30 / 35",2350,2350,"91-95","97","40","sa917969"
"Javy Guerra","SIRP","SDP",,23,"25.6944444",,,"65 / 65","45 / 55","","","35 / 45",2450,2600,"96-98","100","40","17292"
"Carter Baumler","SP","BAL",,23,"19.3472222","10/28/2020","Rise","45 / 50","50 / 55","45 / 55","","20 / 45",,,"90-92","94","40","sa3014480"
"Nabil Crismatt","SP","SDP",,25,"26.4444444",,,"30 / 40","","45 / 45","60 / 60","55 / 60",,,"86-90","91","40","17732"
"Isaac Mattson","SIRP","BAL",,25,"25.8916666",,"Rise","55 / 55","55 / 55","","40 / 45","45 / 45",2300,2000,"92-94","96","40","20385"
"Garrett Stallings","SP","BAL",,26,"23.825",,"Sink","40 / 45","45 / 50","45 / 50","45 / 50","45 / 60",1850,2200,"88-92","93","40","sa3014457"
"Bruce Zimmermann","SP","BAL",,28,"26.3222222",,"Cut/Rise","40 / 40","50 / 55","50 / 50","40 / 45","60 / 60",2350,2600,"90-92","95","40","20370"
"Drew Rom","SP","BAL",,29,"21.4722222",,"Rise","30 / 45","50 / 55","","","45 / 55",2350,2300,"88-92","93","40","sa3007848"
"Hunter Harvey","SIRP","BAL",,30,"26.4888888","7/26/16","Rise","60 / 60","","55 / 55","","40 / 40",2400,2200,"92-97","99","40","15507"
"Kyle Bradish","SIRP","BAL",,31,"24.7305555",,"Rise","50 / 50","50 / 50","55 / 55","45 / 50","30 / 40",2250,2550,"92-94","97","40","sa3008605"
"Alexander Wells","SP","BAL",,32,"24.2722222",,"Rise","35 / 35","45 / 45","55 / 55","50 / 55","60 / 70",2250,2550,"86-89","91","40","sa919319"
"Tim Cate","SIRP","WSN",,10,"23.6805555","1/1/13","Rise","40 / 45","","60 / 60","40 / 45","45 / 45",2100,2400,"87-91","93","40","sa3007926"
"Alex Faedo","SP","DET",,17,"25.5638888","12/28/20","Tail","45 / 50","60 / 60","","40 / 45","55 / 60",2350,2700,"90-93","95","40","sa829855"
"Joan Adon","SIRP","WSN",,13,"22.8138888",,,"50 / 55","45 / 45","","50 / 55","40 / 40",2250,2150,"92-96","98","40","sa3002614"
"Paul Richan","SP","DET",,25,"24.1916666",,"Rise","40 / 40","40 / 40","45 / 45","45 / 50","55 / 60",2150,2200,"89-91","93","40","sa3008025"
"Connor Phillips","SP","SEA",,15,"20.0861111",,"Rise/Tail","50 / 60","45 / 50","50 / 55","","30 / 40",,,"90-94","98","40","sa3014433"
"Jason Foley","SIRP","DET",,27,"25.5944444",,"Tail","65 / 65","45 / 45","","","40 / 40",2250,2200,"94-97","100","40","19531"
"Zack Hess","SIRP","DET",,28,"24.2777777",,"Rise","60 / 60","55 / 60","","40 / 45","40 / 45",2500,2550,"93-95","97","40","sa3010777"
"Taylor Dollard","SP","SEA",,17,"22.3",,"Tail","40 / 45","55 / 60","45 / 50","45 / 50","35 / 60",,,"90-93","94","40","sa3014982"
"Isaiah Campbell","SP","SEA",,18,"23.8055555",,,"50 / 50","50 / 55","50 / 50","","40 / 50",2200,2300,"90-93","96","40","sa3014432"
"Wilkel Hernandez","SP","DET",,32,"22.1444444","11/15/20","Rise","50 / 55","","50 / 55","40 / 50","35 / 50",2350,2550,"90-93","96","40","sa918026"
"Sam Carlson","SP","SEA",,21,"22.5055555",,"Rise","55 / 60","","45 / 50","50 / 60","40 / 55",2200,2350,"89-93","94","40","sa3005015"
"Levi Stoudt","SIRP","SEA",,22,"23.5027777",,,"50 / 50","40 / 45","","55 / 60","30 / 40",2200,2250,"93-96","97","40","sa3014545"
"Ljay Newsome","SP","SEA",,23,"24.575",,,"50 / 50","","45 / 45","55 / 60","55 / 60",2200,2100,"89-92","94","40","19942"
"Blayne Enlow","MIRP","MIN",,17,"22.2055555",,"Sink","50 / 50","50 / 50","","45 / 50","40 / 45",2300,2550,"91-94","96","40","sa3005117"
"Damon Casetta-Stubbs","SIRP","SEA",,24,"21.8694444",,"Tail","45 / 50","50 / 55","55 / 60","30 / 30","40 / 50",2200,2400,"89-93","95","40","sa3008387"
"Chris Vallimont","SP","MIN",,18,"24.2138888",,"Rise","45 / 45","45 / 50","45 / 50","40 / 50","40 / 50",2350,2600,"89-93","95","40","sa3008026"
"Josias De Los Santos","SIRP","SEA",,26,"21.85",,,"50 / 55","50 / 55","","","45 / 50",2300,2450,"90-95","97","40","sa3006508"
"Edwar Colina","SIRP","MIN",,21,"24.0888888",,"Sink","60 / 60","50 / 55","","40 / 40","40 / 45",2400,2800,"94-98","100","40","20589"
"Bailey Ober","MIRP","MIN",,22,"25.8972222","3/1/15","Rise/Cut","45 / 45","40 / 40","45 / 50","60 / 60","60 / 60",2200,2000,"85-87","88","40","21224"
"Marco Raya","SP","MIN",,23,"18.8277777",,"Rise/Cut","40 / 50","45 / 50","","40 / 55","35 / 55",,,"88-92","95","40","sa3014550"
"Jovani Moran","SIRP","MIN",,26,"24.1138888",,"Rise","45 / 45","45 / 45","","70 / 70","40 / 40",2300,2475,"90-93","95","40","sa875188"
"Frank German","RHP","BOS",,27,"23.7027777",,"Cut/Rise","60 / 65","40 / 50","","45 / 50","35 / 40",2200,2400,"92-96","98","40","sa3007729"
"Jacob Wallace","SIRP","BOS",,28,"22.8111111",,"Tail","45 / 50","50 / 60","","50 / 55","30 / 40",2500,2850,"88-93","96","40","sa3010374"
"Grant Gambrell","MIRP","BOS",,29,"23.5388888",,"Rise/Tail","50 / 55","","55 / 60","45 / 50","30 / 40",2450,2550,"91-94","96","40","sa3011129"
"Brendan Cellucci","SIRP","BOS",,30,"22.9305555",,"Rise","60 / 60","","60 / 60","","20 / 35",,,"94-96","97","40","sa3011710"
"Durbin Feltman","SIRP","BOS",,34,"24.1305555",,"Rise","55 / 60","55 / 55","45 / 50","","35 / 40",2300,2350,"92-95","96","40","sa3007959"
"Alex Santos II","SP","HOU",,15,"19.3194444",,"Rise","45 / 55","30 / 50","50 / 55","","25 / 50",,,"89-93","95","40","sa3014684"
"Chih-Jung Liu","SIRP","BOS",,36,"22.1611111",,"Tail","40 / 60","50 / 60","40 / 45","","30 / 40",2300,2400,"93-96","98","40","sa3014675"
"Nivaldo Rodriguez","SP","HOU",,17,"24.1361111",,"Rise","45 / 45","50 / 50","55 / 55","45 / 50","50 / 50",2250,2850,"89-92","94","40","22449"
"Misael Tamarez","SP","HOU",,20,"21.3861111",,"Cut/Rise","45 / 55","","","50 / 55","35 / 50",,,"92-94","94","40","sa3009632"
"Austin Hansen","SIRP","HOU",,22,"24.7777777",,,"55 / 55","55 / 55","","50 / 55","35 / 40",,,"93-95","96","40","sa3006956"
"Jojanse Torres","SIRP","HOU",,23,"25.8361111",,"Rise/Tail","60 / 60","55 / 55","","50 / 50","35 / 35",2400,2350,"94-97","99","40","sa3006955"
"Junior Santos","SP","NYM",,13,"19.8027777",,"Tail","50 / 60","45 / 50","","40 / 50","20 / 45",2350,2150,"89-93","95","40","sa3005470"
"Ryley Gilliam","SIRP","NYM",,14,"24.8166666",,"Rise","55 / 55","20 / 55","55 / 55","","30 / 35",2600,2800,"94-95","96","40","sa3008225"
"Franklyn Kilome","SIRP","NYM",,15,"25.9444444","10/24/18","Sink","55 / 55","40 / 40","60 / 60","50 / 50","40 / 40",2450,2200,"92-96","97","40","17861"
"R.J. Dabovich","SIRP","SFG",,25,"22.4",,"Rise","60 / 60","50 / 55","50 / 50","","30 / 40",2400,2500,"93-96","98","40","sa3014431"
"Robert Dominguez","SP","NYM",,16,"19.5138888",,,"55 / 60","","50 / 60","40 / 45","20 / 50",,,"93-96","99","40","sa3014694"
"Prelander Berroa","SIRP","SFG",,26,"21.1305555",,"Tail","55 / 60","45 / 50","","45 / 55","30 / 40",2450,2400,"92-96","98","40","sa3005069"
"Jose Butto","SP","NYM",,17,"23.2111111",,"Tail","40 / 40","45 / 50","","55 / 60","50 / 55",2350,,"89-94","96","40","sa3003166"
"Carson Ragsdale","SP","SFG",,27,"23.0277777",,,"45 / 50","","55 / 60","","35 / 55",,,"91-95","96","40","sa3014922"
"Joshua Cornielly","SP","NYM",,18,"20.3888888",,"Rise","40 / 45","","40 / 50","45 / 55","40 / 55",2150,,"88-93","95","40","sa3005890"
"Kai-Wei Teng","SP","SFG",,28,"22.5111111",,"Sink","45 / 50","45 / 50","50 / 50","45 / 50","45 / 60",2450,2500,"91-94","96","40","sa3007229"
"Jordany Ventura","SP","NYM",,20,"20.9138888",,"Cut/Rise","45 / 55","50 / 55","","40 / 50","40 / 50",2450,,"91-94","95","40","sa3008542"
"Jake Wong","SP","SFG",,31,"24.7555555",,"Sink","50 / 50","","45 / 50","45 / 50","45 / 55",2200,2450,"91-94","96","40","sa3008100"
"Carlos Hernandez","SIRP","KCR",,17,"24.2333333",,"Sink","60 / 60","","45 / 45","45 / 45","45 / 45",2400,2150,"95-98","100","40","22713"
"Josh Dye","MIRP","KCR",,20,"24.725",,"Sink/Tail","35 / 40","","50 / 50","55 / 55","50 / 60",2000,,"88-91","92","40","sa3007485"
"Christian Chamberlain","SIRP","KCR",,21,"21.875",,"Rise","45 / 60","","60 / 60","40 / 45","30 / 40",,,"93-96","97","40","sa3014486"
"Ben Hernandez","SIRP","KCR",,24,"19.9277777",,"Tail","50 / 55","35 / 40","","60 / 70","25 / 45",,,"92-95","96","40","sa3014541"
"Yohanse Morel","MIRP","KCR",,25,"20.7833333",,"Sink","45 / 45","45 / 50","","55 / 60","35 / 50",2300,2550,"89-93","94","40","sa3005685"
"Beck Way","SP","NYY",,22,"21.8305555",,"Tail","50 / 55","45 / 50","","45 / 50","30 / 45",,,"91-94","96","40","sa3014462"
"Edwin Nunez","SP","STL",,14,"19.5833333",,,"55 / 70","","45 / 55","","20 / 50",,,"92-96","99","40",
"Junior Fernandez","SIRP","STL",,15,"24.2583333",,"Sink","55 / 55","45 / 45","","60 / 60","30 / 35",2200,2150,"95-97","99","40","18496"
"Jon Heasley","SIRP","KCR",,28,"24.3555555",,,"55 / 55","40 / 45","","55 / 60","35 / 40",2350,2800,"91-94","96","40","sa3007211"
"Matt Sauer","SP","NYY",,24,"22.3722222","4/1/19","Tail","50 / 60","","50 / 55","40 / 50","35 / 45",2150,2600,"92-95","96","40","sa3005118"
"Charlie Neuweiler","SP","KCR",,29,"22.325",,,"40 / 40","","55 / 60","","35 / 55",2350,2700,"88-92","93","40","sa3004345"
"Seth Elledge","SIRP","STL",,17,"25.0416666",,"Sink","55 / 55","60 / 60","","","30 / 40",2150,2450,"92-94","96","40","19766"
"Nicio Rodriguez","SIRP","NYY",,26,"21.7555555",,"Rise","50 / 60","45 / 55","","","30 / 45",2500,2550,"89-94","96","40","sa3011194"
"Kodi Whitley","SIRP","STL",,18,"26.2888888",,"Rise","40 / 45","55 / 55","","50 / 60","40 / 40",2350,1950,"92-95","96","40","19731"
"Ronald Bolanos","SP","KCR",,31,"24.7833333",,"Sink","60 / 60","45 / 45","45 / 45","45 / 45","40 / 45",2250,2650,"90-96","99","40","20041"
"Noah Murdock","SP","KCR",,32,"22.7916666",,"Sink","55 / 55","","55 / 55","45 / 50","40 / 50",2150,2800,"90-95","97","40","sa919012"
"Denny Larrondo","SP","NYY",,28,"19.0138888",,"Rise","45 / 60","","55 / 60","35 / 50","35 / 55",2500,2900,"88-92","94","40","sa3010654"
"Ismael Aquino","SIRP","KCR",,34,"22.7583333",,,"60 / 65","","","40 / 45","30 / 40",2300,2050,"93-96","98","40","sa3003104"
"Jake Woodford","MIRP","STL",,23,"24.6027777",,"Sink","45 / 45","45 / 45","50 / 50","40 / 40","45 / 45",2250,2550,"90-94","96","40","18674"
"Carlos Sanabria","SIRP","KCR",,36,"24.3638888",,,"60 / 60","40 / 40","45 / 45","50 / 50","35 / 40",2400,2350,"93-97","99","35+","16634"
"Yefri Del Rosario","SIRP","KCR",,37,"21.7",,,"50 / 50","","50 / 55","40 / 45","35 / 45",2200,2400,"91-94","96","35+","sa3002971"
"Albert Abreu","SIRP","NYY",,33,"25.6916666",,"Tail","60 / 60","55 / 55","","60 / 60","30 / 30",2250,2600,"95-99","101","35+","17485"
"Andre Pallante","SP","STL",,25,"22.7138888",,"Cut","40 / 45","50 / 55","50 / 50","40 / 45","35 / 50",2150,,"90-93","95","35+","sa3011186"
"Brooks Kriske","SIRP","NYY",,34,"27.3388888",,"Rise","60 / 60","50 / 50","","","35 / 35",2500,2450,"92-96","98","35+","21189"
"Samuel Valerio","SIRP","KCR",,39,"19.6583333",,"Tail","60 / 70","","40 / 45","45 / 50","30 / 45",2400,2250,"94-97","99","35+","sa3009220"
"Alfredo Garcia","SIRP","NYY",,35,"21.8694444",,"Tail","45 / 50","","45 / 50","50 / 55","40 / 45",2300,1850,"90-94","95","35+","sa3003045"
"Anderson Paulino","MIRP","KCR",,40,"22.7305555",,"Sink/Tail","60 / 60","45 / 55","","","40 / 45",,,"95-97","98","35+","sa3007991"
"Anthony Veneziano","SIRP","KCR",,41,"23.7611111",,"Tail","50 / 55","","","50 / 55","30 / 40",,,"94-96","97","35+","sa1115745"
"Glenn Otto","SIRP","NYY",,37,"25.2333333",,"Rise","55 / 55","","55 / 60","","35 / 40",2400,2650,"92-94","96","35+","sa915710"
"Steven Gingery","SP","STL",,29,"23.6805555",,,"40 / 45","","45 / 45","55 / 60","35 / 50",2000,2300,"88-93","94","35+","sa3011747"
"Zach Haake","SIRP","KCR",,42,"24.6583333",,,"60 / 60","55 / 60","","40 / 45","30 / 35",2400,2500,"92-95","97","35+","sa3008523"
"Jesus Cruz","SIRP","STL",,30,"26.1388888",,"Sink","55 / 55","55 / 55","","50 / 50","30 / 35",2200,2750,"94-96","98","35+","20042"
"Osiel Rodriguez","SP","NYY",,39,"19.5361111",,"Tail","30 / 60","45 / 55","50 / 60","45 / 55","35 / 50",,,"86-89","90","35+","sa3009991"
"Connor Jones","SIRP","STL",,31,"26.6527777",,"Sink","55 / 55","50 / 55","","40 / 40","35 / 35",1900,2600,"92-95","97","35+","sa738697"
"Eduardo Herrera","SIRP","KCR",,44,"21.4166666",,"Rise","60 / 70","","45 / 50","","30 / 40",2400,2250,"94-96","97","35+","sa3002702"
"Roel Ramirez","SIRP","STL",,32,"26.025",,"Cut","45 / 45","45 / 45","","","40 / 40",2350,2700,"92-96","97","35+","16470"
"Drew Parrish","SP","KCR",,45,"23.4916666",,,"35 / 40","","45 / 45","50 / 55","35 / 50",2250,2700,"87-90","92","35+","sa3011395"
"Randy Vasquez","MIRP","NYY",,41,"22.5888888",,"Cut/Rise","45 / 50","","55 / 60","40 / 45","40 / 45",2500,3150,"90-94","95","35+","sa3007933"
"Yoljeldriz Diaz","SP","NYY",,42,"19.8916666",,"Rise","40 / 45","35 / 55","50 / 60","40 / 45","35 / 50",2150,2900,"90-92","93","35+","sa3010248"
"Griffin Roberts","SIRP","STL",,34,"24.9777777",,"Tail","40 / 45","55 / 60","","40 / 40","40 / 40",2250,2700,"90-93","95","35+","sa3008483"
"Rodard Avelino","SIRP","STL",,35,"22.0055555",,"Cut/Rise","60 / 70","45 / 60","","","20 / 30",2600,2750,"94-98","99","35+","sa3003040"
"Woo-Young Jin","SP","KCR",,48,"20.2777777",,,"30 / 40","","40 / 45","","35 / 50",2050,,"85-88","91","35+","sa3010132"
"Jake Agnos","MIRP","NYY",,44,"23.0333333",,"Rise","45 / 45","","45 / 45","50 / 55","40 / 50",2300,1850,"88-92","93","35+","sa1054040"
"Ken Waldichuk","MIRP","NYY",,45,"23.4083333",,"Rise/Tail","45 / 55","45 / 50","","45 / 50","45 / 50",2400,2200,"90-94","95","35+","sa1115814"
"Daniel Tillo","SIRP","KCR",,50,"24.9777777","7/29/20",,"60 / 60","50 / 50","","40 / 45","35 / 40",2250,2200,"92-95","97","35+","sa876284"
"Nelson L Alvarez","SIRP","NYY",,47,"22.9833333",,"Cut","50 / 55","50 / 55","","","30 / 40",2450,2550,"94-96","97","35+","sa3010783"
"Jose Salvador","SIRP","LAA",,24,"21.7055555",,"Rise","45 / 55","","50 / 50","30 / 35","35 / 40",2400,2500,"89-91","93","35+","sa3006482"
"Connor Higgins","SIRP","LAA",,25,"24.8722222",,"Rise","55 / 55","50 / 55","","","30 / 35",2250,,"91-94","97","35+","sa3006808"
"Gabriel Tapia","SP","LAA",,26,"19.0416666",,"Rise","40 / 45","","45 / 50","50 / 55","20 / 45",2300,,"90-93","94","35+","sa3009779"
"Oliver Ortega","SIRP","LAA",,28,"24.675",,"Rise","55 / 55","","55 / 55","","30 / 35",2300,,"92-96","97","35+","sa872800"
"Gerardo Reyes","SIRP","LAA",,29,"28.0611111","3/10/21","Tail","60 / 60","55 / 55","","","30 / 30",2450,2400,"95-98","99","35+","16306"
"Colby White","SIRP","TBR",,41,"22.9194444",,"Cut/Rise","55 / 60","50 / 55","","","30 / 40",2350,,"92-95","97","35+","sa3011200"
"Hunter Schryver","SIRP","CHW",,26,"26.1722222","2/20/20","Rise","60 / 60","50 / 50","","","45 / 55",2400,1050,"90-93","94","35+","sa873263"
"Robinson Pina","SIRP","LAA",,31,"22.525",,,"50 / 60","","50 / 55","40 / 45","20 / 30",2450,,"89-93","95","35+","sa3003123"
"Caleb Freeman","SIRP","CHW",,27,"23.2833333",,"Rise","55 / 60","","55 / 60","","30 / 35",2400,3050,"92-95","97","35+","sa3011339"
"Carlos Garcia","SIRP","TBR",,43,"22.5194444",,"Rise","55 / 60","45 / 50","","40 / 50","30 / 40",2600,2500,"90-94","95","35+","sa3006590"
"Victor Munoz","SIRP","TBR",,44,"20.4444444",,,"45 / 55","","45 / 50","40 / 50","35 / 50",2300,2250,"90-93","95","35+","sa3006381"
"Jimmy Lambert","SIRP","CHW",,29,"26.5472222","6/21/19","Tail","45 / 50","50 / 55","50 / 55","50 / 55","45 / 50",2200,2750,"91-94","95","35+","19541"
"Bailey Horn","MIRP","CHW",,30,"23.3888888","2/1/18","Rise","50 / 50","50 / 50","50 / 55","","40 / 45",2250,2500,"90-93","96","35+","sa3014493"
"Graeme Stinson","MIRP","TBR",,46,"23.8305555",,,"40 / 60","60 / 70","","40 / 40","35 / 45",2300,2650,"93-95","98","35+","sa3011900"
"Peyton Battenfield","SIRP","TBR",,47,"23.8194444",,,"50 / 55","","45 / 45","45 / 50","35 / 45",2350,,"92-95",,"35+","sa3010133"
"Joel Peguero","SIRP","TBR",,51,"24.0833333",,"Tail","70 / 70","55 / 60","","","35 / 40",2300,2500,"93-97","98","35+","sa917689"
"Sandy Gaston","SIRP","TBR",,52,"19.4694444",,"Rise","55 / 65","","45 / 50","45 / 50","30 / 45",2100,2150,"93-96","97","35+","sa3011136"
"Audry Lugo","SIRP","TBR",,55,"22.6",,"Cut","45 / 55","","55 / 60","40 / 45","40 / 50",2300,2750,"92-94","96","35+","sa3008710"
"Daiveyon Whittle","MIRP","TBR",,58,"21.5666666",,"Rise","40 / 45","45 / 50","","","40 / 50",2050,2350,"89-92","94","35+","sa3007617"
"Jayden Murray","MIRP","TBR",,59,"24.15",,"Rise","45 / 55","","50 / 60","","35 / 45",2600,2700,"90-94","96","35+","sa1170405"
"Aneudy Cortorreal","SIRP","TBR",,60,"21.4777777",,"Rise","65 / 70","40 / 50","40 / 45","40 / 45","30 / 40",2250,2100,"93-97","99","35+","sa3009242"
"Angel Felipe","SIRP","TBR",,61,"23.7638888",,"Rise","55 / 60","45 / 50","","45 / 55","20 / 35",2400,2450,"93-96","98","35+","sa881181"
"Luis Mey","SIRP","CIN",,25,"19.9472222",,"Rise","55 / 60","","40 / 45","35 / 45","30 / 45",2050,2250,"95-97","98","35+","sa3010130"
"Jacob Heatherly","MIRP","CIN",,26,"23.0416666",,"Tail","45 / 50","","45 / 50","50 / 55","30 / 40",1800,1950,"90-94","95","35+","sa3004736"
"Brandon Bailey","SIRP","CIN",,28,"26.6277777","2/26/21","Rise","50 / 50","45 / 50","55 / 55","60 / 60","40 / 40",2550,2600,"89-93","94","35+","19582"
"Hector Perez","SIRP","CIN",,29,"24.9972222",,"Cut/Rise","60 / 60","50 / 55","","","20 / 30",2350,2350,"91-95","96","35+","18592"
"Eduardo Salazar","MIRP","CIN",,30,"23.0833333",,"Rise","55 / 55","40 / 45","","40 / 45","45 / 55",2350,,"94-96","99","35+","sa3003131"
"Miguel Medrano","SIRP","CIN",,32,"23.4194444",,"Rise","40 / 45","","45 / 50","55 / 60","45 / 60",2200,2500,"89-92","93","35+","sa947763"
"Cristopher Sanchez","MIRP","PHI",,28,"24.4805555",,"Sink","50 / 55","45 / 45","45 / 45","50 / 55","40 / 45",2250,2200,"89-94","95","35+","20778"
"Noah Davis","SP","CIN",,33,"24.1194444","3/1/18","Tail","45 / 50","50 / 55","50 / 55","35 / 40","40 / 50",2400,2600,"91-93","94","35+","sa3010556"
"Dominic Pipkin","SP","PHI",,29,"21.5833333",,"Sink","50 / 60","40 / 45","40 / 45","45 / 55","35 / 50",2100,2000,"90-95","98","35+","sa3007896"
"Mauricio Llovera","SIRP","PHI",,30,"25.1333333",,"Tail","50 / 50","","45 / 45","","40 / 40",2000,2400,"93-95","96","35+","20080"
"Joe Boyle","SIRP","CIN",,35,"21.8083333",,"Tail","80 / 80","50 / 55","","","20 / 30",2550,2500,"98-101","102","35+","sa3014498"
"Julian Garcia","MIRP","PHI",,31,"26.0611111",,"Rise","55 / 55","","55 / 55","50 / 50","50 / 50",2700,2800,"87-90","91","35+","sa918182"
"Kyle Dohy","SIRP","PHI",,32,"24.7166666",,"Tail","50 / 50","40 / 40","","60 / 60","30 / 30",2400,2450,"90-93","96","35+","sa3004861"
"Octavio Becerra","SP","LAD",,40,"20.3388888",,"Sink","40 / 50","45 / 55","45 / 50","45 / 60","30 / 45",,,"90-93","94","35+","sa3008303"
"Mitch White","SIRP","LAD",,41,"26.4361111","11/1/13","Sink","55 / 55","50 / 50","55 / 55","","40 / 40",2300,2450,"93-95","97","35+","19225"
"Ramon Rosso","MIRP","PHI",,36,"24.9888888",,"Cut","","50 / 50","","","40 / 40",2600,2550,"94-96","97","35+","20368"
"Juan Morillo","SIRP","LAD",,43,"22.2111111",,"Rise","50 / 55","50 / 55","","30 / 40","30 / 45",2300,2550,"92-94","96","35+","sa917772"
"Osvanni Gutierrez","SP","LAD",,44,"20.0305555",,"Tail","35 / 50","","30 / 45","50 / 70","20 / 45",,,"90-92","93","35+","sa3009730"
"Victor Santos","SP","PHI",,38,"20.8972222",,"Tail","35 / 35","45 / 50","","","35 / 60",2150,2350,"87-91","92","35+","sa3003083"
"Kyle Hurt","SP","LAD",,45,"23.0138888",,"Tail/Rise","45 / 50","40 / 45","","50 / 55","30 / 50",2100,2300,"91-94","95","35+",
"Hsin-Chieh Lin","SP","PHI",,39,"22.2138888",,"Rise","40 / 45","40 / 50","","40 / 50","35 / 50",2450,2450,"89-92","94","35+","sa3008535"
"Hyun-il Choi","MIRP","LAD",,46,"21.0222222",,"Sink","40 / 45","","35 / 45","","35 / 55",2300,2150,"88-92","94","35+","sa3009992"
"Nicoly Pina","SP","PHI",,40,"21.6583333",,"Rise","55 / 60","45 / 55","","","30 / 40",2300,2350,"93-96","97","35+","sa3005875"
"Andrew Schultz","SIRP","PHI",,41,"23.8472222",,"Tail","70 / 70","45 / 50","","35 / 40","30 / 35",2450,,"96-99","100","35+","sa3010782"
"Jose Martinez","SIRP","LAD",,48,"22.1166666",,"Sink","45 / 50","40 / 45","","55 / 60","40 / 50",2250,2400,"91-95","97","35+","sa3002796"
"Gus Varland","SIRP","LAD",,50,"24.5805555","8/1/19",,"50 / 55","50 / 55","45 / 50","","40 / 45",2450,2350,"92-94","95","35+","sa3007779"
"Guillermo Zuniga","SIRP","LAD",,51,"22.6527777",,"Tail","55 / 60","55 / 60","","40 / 45","30 / 40",2350,2450,"91-96","97","35+","sa945024"
"Junior Mieses","SIRP","ARI",,38,"21.6388888",,"Cut/Rise","45 / 55","45 / 50","","","30 / 45",2450,2300,"90-93","95","35+","sa3005258"
"Bobby Ay","SIRP","ARI",,40,"24.0194444",,"Tail","40 / 50","50 / 60","40 / 45","","40 / 50",2150,2800,"90-92","93","35+","sa3011535"
"West Tunnell","SIRP","ARI",,41,"27.5416666",,"Cut/Rise","60 / 60","50 / 55","","","35 / 40",2500,2600,"93-96","97","35+","sa3002749"
"Matt Mercer","SIRP","ARI",,42,"24.7611111",,"Rise","45 / 55","40 / 40","45 / 45","55 / 55","40 / 40",2150,2450,"88-93","96","35+","sa3007837"
"Avery Short","SP","ARI",,43,"20.225",,"Rise","30 / 40","45 / 50","45 / 50","30 / 45","25 / 60",,,"88-92","93","35+","sa3011712"
"Edinson Soto","SIRP","ARI",,44,"24.7166666",,"Cut/Rise","50 / 55","45 / 55","50 / 55","","",2400,2800,"92-95","96","35+","sa3009831"
"Daniel Robert","SIRP","TEX",,48,"26.7638888",,,"50 / 50","70 / 70","","","45 / 45",,,"94-95","96","35+","sa3009856"
"Luis Castillo","SIRP","ARI",,45,"26.2361111",,"Tail","45 / 45","50 / 50","","55 / 55","50 / 50",,,"90-92","94","35+","sa657838"
"Jake Latz","SP","TEX",,50,"25.1583333",,,"45 / 45","","55 / 55","40 / 45","45 / 50",,,"89-93","94","35+","sa829008"
"Cam Hill","SIRP","CLE",,42,"27.0305555",,"Rise","50 / 50","55 / 55","50 / 50","","40 / 40",2300,2750,"91-94","95","35+","16840"
"Fernery Ozuna","SIRP","TEX",,51,"25.5722222",,,"55 / 60","45 / 50","","45 / 50","40 / 40",,,"94-97","100","35+","sa739259"
"Eli Morgan","MIRP","CLE",,43,"25.0611111",,"Rise","45 / 45","45 / 50","45 / 45","60 / 70","50 / 55",2400,2500,"87-90","92","35+","20203"
"Xzavion Curry","SP","CLE",,44,"22.8555555",,"Rise","45 / 50","45 / 50","50 / 50","40 / 45","35 / 55",,,"89-94",,"35+","sa3014790"
"Robert Broom","SIRP","CLE",,43,"24.7166666",,"Sink/Tail","40 / 40","55 / 55","","","50 / 55",2100,,"87-90","92","35+","sa3007235"
"Dylan MacLean","SP","TEX",,54,"18.8972222",,"Rise","30 / 50","","45 / 55","30 / 45","25 / 50",,,"88-90","91","35+","sa3014508"
"Scott Moss","MIRP","CLE",,45,"26.6638888",,"Rise","55 / 55","50 / 50","","50 / 50","35 / 40",2400,2400,"89-93","95","35+","sa738902"
"Jean Carlos Mejia","SP","CLE",,46,"24.775",,"Sink","50 / 50","50 / 55","","45 / 50","50 / 50",2150,,"90-94","95","35+","20617"
"Adam Scott","SIRP","CLE",,48,"25.6527777",,"Tail","50 / 55","55 / 60","","40 / 45","45 / 55",2250,,"90-93","95","35+","sa3006826"
"Scott Engler","SIRP","TEX",,59,"24.4805555","9/7/16",,"45 / 45","","","","40 / 40",,,"93-94","95","35+","sa918353"
"Hever Bueno","SIRP","TEX",,61,"26.5333333","6/10/16",,"60 / 60","50 / 55","","","30 / 35",2300,2600,"92-97","99","35+","sa738180"
"Kelvin Bautista","SIRP","TEX",,62,"21.9111111",,,"60 / 60","","50 / 55","","20 / 30",,,"94-97","98","35+","sa3006491"
"Kelvin Gonzalez","SIRP","TEX",,63,"23.4472222",,,"60 / 60","","55 / 55","50 / 50","40 / 40",2450,,"94-96","98","35+","sa920544"
"Jordan Holloway","SIRP","MIA",,37,"24.9777777","6/19/17",,"60 / 60","45 / 50","","","35 / 40",2250,2500,"94-96","98","35+","20631"
"Po-Yu Chen","SP","PIT",,43,"19.675",,,"40 / 50","40 / 45","45 / 50","40 / 50","25 / 55",,,"91-92","93","35+","sa3014699"
"Paul Campbell","MIRP","MIA",,38,"25.8583333",,,"40 / 40","45 / 45","55 / 55","","55 / 55",,,"91-93","95","35+","22248"
"Braxton Ashcraft","SIRP","PIT",,44,"21.6666666",,"Tail","35 / 45","50 / 55","45 / 50","40 / 45","40 / 50",2250,2400,"88-93","95","35+","sa3008470"
"Will Stewart","MIRP","MIA",,39,"23.8916666",,"Tail","40 / 40","45 / 50","45 / 50","45 / 50","50 / 55",2000,2650,"87-89","91","35+","sa875247"
"Yerry De Los Santos","SIRP","PIT",,46,"23.4805555",,"Tail","55 / 60","50 / 55","","","35 / 40",2250,2400,"93-96","98","35+","sa873562"
"Darius Vines","SP","ATL",,26,"23.0972222",,"Cut/Rise","45 / 50","","45 / 50","55 / 60","35 / 50",2350,,"88-92","94","35+","sa918848"
"Wilkin Ramos","SP","PIT",,49,"20.5972222",,"Cut","45 / 60","","40 / 45","45 / 55","35 / 45",2150,2200,"89-93","95","35+","sa3006487"
"Jared Johnson","SP","ATL",,27,"20.2222222",,"Sink","55 / 60","45 / 55","","","30 / 50",1850,,"94-97","99","35+","sa3011626"
"Andy Maldonado","SP","PIT",,50,"18.8722222",,"Tail","40 / 50","40 / 45","","45 / 55","35 / 50",2300,2000,"89-93","95","35+","sa3009607"
"Jorge Guzman","SIRP","MIA",,45,"25.3527777",,,"55 / 55","55 / 55","","45 / 50","30 / 35",2250,1900,"95-97","100","35+","17505"
"Nolan Kingham","SP","ATL",,30,"24.7972222",,"None","50 / 55","40 / 45","","40 / 45","45 / 55",2200,,"92-94","96","35+","sa3008224"
"Breidy Encarnacion","SP","MIA",,47,"20.5722222",,,"40 / 45","","45 / 50","40 / 50","40 / 50",2400,2250,"87-91","93","35+","sa3009205"
"Luis Palacios","SP","MIA",,48,"20.9277777",,,"30 / 40","45 / 50","","50 / 55","45 / 60",2150,2350,"85-87","89","35+","sa3003021"
"Sem Robberse","SP","TOR",,29,"19.6472222",,,"30 / 50","20 / 50","50 / 55","20 / 50","20 / 50",2400,2500,"88-81","93","35+","sa3011735"
"Patrick Murphy","SIRP","TOR",,30,"25.9861111",,"Sink","60 / 60","","50 / 50","","45 / 45",2100,2300,"93-97","99","35+","19712"
"Ben Bowden","SIRP","COL",,25,"26.6222222",,"Sink","45 / 45","45 / 45","","60 / 60","40 / 40",2450,2150,"92-95","96","35+","20198"
"T.J. Zeuch","SP","TOR",,31,"25.8444444",,"Sink","45 / 45","40 / 40","","45 / 45","45 / 55",2200,2250,"90-93","94","35+","19269"
"Will Ethridge","SP","COL",,26,"23.4583333",,"Tail","40 / 40","45 / 50","","50 / 50","35 / 60",2200,2150,"90-95","96","35+","sa3011337"
"Ashton Goudeau","SIRP","COL",,27,"28.8666666",,"Rise","50 / 50","50 / 50","55 / 55","40 / 45","55 / 55",2200,2400,"91-94","96","35+","15139"
"Nick Frasso","SP","TOR",,33,"22.6305555",,"Rise","45 / 55","","40 / 45","40 / 50","30 / 50",2350,2100,"91-93","95","35+","sa3014492"
"Antonio Santos","SIRP","COL",,28,"24.6638888",,"Rise","55 / 55","50 / 50","45 / 45","50 / 50","40 / 40",2200,2200,"92-95","97","35+","20383"
"Travis Bergen","SIRP","TOR",,34,"27.6583333",,,"55 / 55","","60 / 60","","35 / 35",2300,2900,"93-95","96","35+","18581"
"Riley Pint","SIRP","COL",,29,"23.5805555",,"None","70 / 70","70 / 70","","","20 / 30",2250,2750,"97-99","102","35+","sa917922"
"Hobie Harris","SIRP","TOR",,35,"27.95",,,"70 / 70","","45 / 45","","30 / 35",,,"96-98","101","35+","sa876068"
"Breiling Eusebio","SIRP","COL",,30,"24.6222222","4/18/18","Tail","45 / 50","","50 / 55","45 / 55","35 / 35",2200,2400,"89-94","96","35+","sa828552"
"Curtis Taylor","MIRP","TOR",,36,"25.8611111",,"Rise","45 / 55","55 / 55","","45 / 50","40 / 45",2350,2300,"93-97","98","35+","sa917970"
"Jordan Sheffield","SIRP","COL",,32,"26.0111111","4/11/13","Rise","60 / 60","","70 / 70","60 / 60","30 / 30",2600,3200,"95-97","99","35+","19682"
"Victor Lizarraga","SP","SDP",,27,"17.5138888",,,"35 / 50","","45 / 55","20 / 50","25 / 55",,,"88-91","92","35+",
"Roither Hernandez","SIRP","TOR",,38,"23.25",,"Rise","60 / 65","40 / 55","","30 / 40","30 / 35",2350,2450,"95-98","99","35+","sa3004333"
"Yoan Aybar","SIRP","COL",,33,"23.9222222",,,"60 / 60","50 / 55","","","30 / 35",2150,2450,"93-96","98","35+","sa829086"
"Zayad Salinas","SP/OF","SDP",,28,"18.3944444",,,"40 / 50","","45 / 50","40 / 50","20 / 50",,,"87-91","92","35+",
"Naswell Paulino","SIRP","TOR",,39,"21.1333333",,"Rise","40 / 55","","45 / 55","","30 / 40",2450,2550,"90-92","93","35+","sa3002998"
"Brayan Medina","SP","SDP",,30,"18.6638888",,,"45 / 55","","45 / 55","30 / 45","30 / 45",,,"91-92","94","35+","sa3014705"
"Jagger Haynes","SP","SDP",,31,"18.7083333",,,"40 / 50","40 / 50","","35 / 50","20 / 50",,,"88--92","94","35+",
"Chase Walter","SIRP","SDP",,32,"22.8583333",,,"55 / 55","50 / 55","","","30 / 40",,,"94-96","98","35+",
"Evan Miller","SIRP","SDP",,33,"26.025",,,"55 / 55","60 / 60","","","40 / 45",2250,2750,"92-95","97","35+","sa915725"
"Pedro Avila","SP","SDP",,34,"24.3916666",,,"50 / 50","","55 / 55","55 / 60","45 / 50",2200,2750,"91-95","96","35+","18864"
"Kevin Smith","SIRP","BAL",,35,"24.0611111",,"Tail","45 / 45","50 / 55","","45 / 50","45 / 50",2450,,"87-90","92","35+","sa3007710"
"Mason Fox","SIRP","SDP",,38,"24.4111111",,,"55 / 60","","55 / 55","","40 / 40",2450,2550,"90-94","95","35+","sa3007460"
"Blaine Knight","SIRP","BAL",,38,"24.9361111",,"Rise/Tail","45 / 50","50 / 50","55 / 60","40 / 45","40 / 45",2250,2950,"91-94","97","35+","sa3008532"
"Tyler Wells","SIRP","BAL",,39,"26.775",,"Rise","55 / 55","50 / 50","55 / 55","","55 / 55",,,"92-94","96","35+","20000"
"Brenan Hanifee","SP","BAL",,42,"23.0166666",,"Sink","55 / 60","45 / 50","","","45 / 50",2050,2100,"91-93","95","35+","sa917973"
"Mason Denaburg","SP","WSN",,15,"21.825",,,"55 / 60","","60 / 60","50 / 55","30 / 50",2300,2400,"92-95","98","35+","sa3010648"
"Jake Zebron","SP","BAL",,43,"21.3361111",,"Rise","40 / 45","","50 / 60","30 / 45","35 / 50",2100,2700,"88-92","94","35+","sa3007250"
"Ignacio Feliz","SP","BAL",,44,"21.6166666",,"Cut","40 / 45","","50 / 55","40 / 50","40 / 50",2350,2600,"86-90","92","35+","sa3002982"
"Felix Bautista","SIRP","BAL",,45,"25.9583333",,"Tail","65 / 65","","","","30 / 35",2450,,"93-98","100","35+","sa737480"
"Holden Powell","SIRP","WSN",,18,"21.7388888",,,"60 / 60","50 / 55","","","30 / 40",,,"94-97","99","35+",
"Zachary Brzykcy","SIRP","WSN",,19,"21.8972222",,"Rise/Tail","60 / 60","","55 / 60","","30 / 35",,,"94-98","99","35+",
"Reid Schaller","SIRP","WSN",,21,"24.175","1/1/16",,"45 / 55","50 / 55","","40 / 45","45 / 50",2450,2400,"91-94","96","35+","sa3008023"
"Todd Peterson","SP","WSN",,22,"23.3694444",,,"55 / 60","50 / 55","","","35 / 45",,,"93-95","96","35+",
"Keider Montero","SIRP","DET",,33,"20.9138888",,"Rise","45 / 50","","50 / 60","40 / 50","35 / 45",2300,3000,"93-95","96","35+","sa3002956"
"Franklin Perez","SP","DET",,34,"23.4972222",,"Rise","60 / 60","50 / 60","45 / 50","55 / 60","40 / 50",2050,2550,"87-90",,"35+","sa873722"
"Elvin Rodriguez","SP","DET",,35,"23.1805555",,"Rise/Tail","40 / 45","","50 / 50","50 / 55","40 / 50",2350,2400,"89-93","94","35+","sa873437"
"Beau Burrows","SP","DET",,36,"24.7138888",,"Rise","50 / 50","40 / 50","40 / 50","45 / 55","45 / 50",2600,2600,"88-91","95","35+","18873"
"Angel De Jesus","SIRP","DET",,39,"24.3111111",,"Tail","65 / 65","45 / 45","","","30 / 35",2300,2400,"91-95","96","35+","sa921876"
"Wladimir Pinto","SIRP","DET",,40,"23.3138888",,"Rise","60 / 60","45 / 50","","30 / 35","30 / 35",2450,2000,"94-97","98","35+","sa871482"
"Devin Sweet","MIRP","SEA",,29,"24.7472222",,,"45 / 45","","45 / 45","55 / 60","45 / 55",2250,2350,"90-93","95","35+","sa3008340"
"Elvis Alvarado","SIRP","SEA",,30,"22.2833333",,,"60 / 70","40 / 50","","","35 / 40",2550,2250,"92-95","98","35+","sa919291"
"Carlos Guzman","SIRP","DET",,42,"23.0527777",,"None","50 / 55","","40 / 45","50 / 60","35 / 50",2300,2150,"90-94","96","35+","sa871477"
"Kristian Cardozo","SP","SEA",,34,"18.5694444",,,"40 / 50","","45 / 50","40 / 50","30 / 50",,,"87-91","92","35+","sa3014706"
"Robert Dugger","MIRP","SEA",,35,"25.9222222",,,"30 / 30","50 / 50","55 / 55","45 / 45","50 / 55",2250,2500,"87-93","94","35+","19191"
"Will Vest","SIRP","SEA",,36,"25.9972222",,,"50 / 50","55 / 55","","40 / 40","45 / 45",2200,2350,"93-95","97","35+","19769"
"Ty Adcock","SIRP","SEA",,37,"24.3277777",,,"65 / 65","45 / 50","40 / 50","45 / 50","30 / 35",,,"94-97","100","35+","sa3014482"
"Luis Rijo","SP","MIN",,32,"22.7472222",,"None","40 / 40","","55 / 55","45 / 50","50 / 60",2050,2650,"90-94","96","35+","sa916950"
"Yennier Cano","SIRP","MIN",,34,"27.2388888",,"Sink","50 / 50","50 / 55","","","45 / 45",2150,2500,"92-95","97","35+","sa3011688"
"Jorge Rodriguez","SP","BOS",,37,"20.7777777",,"Rise","40 / 50","","45 / 50","45 / 55","35 / 55",2300,2900,"89-91","93","35+","sa3006074"
"Andrew Politi","SIRP","BOS",,40,"25.0027777",,"Rise","55 / 55","50 / 55","","45 / 50","30 / 40",2450,2500,"92-95","96","35+","sa3007243"
"Ryan Zeferjahn","SIRP","BOS",,41,"23.2638888",,"Rise","55 / 60","50 / 55","","40 / 45","30 / 45",2300,2250,"94-96","98","35+","sa3011217"
"Shane Drohan","SP","BOS",,42,"22.4111111",,"Rise","40 / 50","","55 / 60","40 / 45","30 / 40",2300,2650,"89-92","94","35+","sa3014447"
"Bradley Blalock","SP","BOS",,43,"20.4444444",,"Rise","40 / 55","40 / 50","30 / 45","30 / 40","30 / 45",,,"91-93","95","35+","sa3011809"
"Jose Alberto Rivera","SIRP","HOU",,25,"24.3083333",,,"70 / 70","","55 / 55","","30 / 35",2350,2300,"93-97","99","35+","sa3003090"
"Luis De La Rosa","SP","BOS",,45,"18.9138888",,"Rise","35 / 50","45 / 50","45 / 50","45 / 55","25 / 55",,,"88-90","92","35+","sa3009778"
"Tyler Brown","SIRP","HOU",,26,"22.675",,"Cut/Rise","50 / 55","","50 / 60","","30 / 40",,,"91-95","96","35+","sa3014450"
"Jairo Lopez","SP","HOU",,27,"20.5388888",,,"50 / 50","55 / 55","50 / 50","40 / 45","35 / 50",2200,2850,"91-94","95","35+","sa3005824"
"Chris Murphy","MIRP","BOS",,47,"23",,"Rise","50 / 55","40 / 40","45 / 50","50 / 55","35 / 40",2350,2200,"89-93","95","35+","sa3011431"
"Angel Macuare","SP","HOU",,28,"21.2555555",,"Rise","45 / 50","45 / 50","55 / 55","40 / 45","35 / 45",2250,2350,"89-91","94","35+","sa3003039"
"Manny Ramirez","SIRP","HOU",,29,"21.5388888",,,"55 / 60","","50 / 60","40 / 50","20 / 30",2450,2700,"92-95","97","35+","sa3004833"
"Luis Perales","SIRP","BOS",,49,"18.1416666",,"Rise","40 / 55","","45 / 55","30 / 45","20 / 40",,,,"95","35+","sa3014677"
"Brett Conine","SIRP","HOU",,30,"24.6361111",,"Rise","45 / 45","45 / 45","","55 / 60","45 / 50",2550,2300,"90-93","96","35+","sa3008024"
"Juan Pablo Lopez","SP","HOU",,31,"22.3",,,"40 / 40","","45 / 50","45 / 55","35 / 50",2300,2150,"90-93","94","35+","sa3004647"
"Jeremy Wu-Yelland","SIRP","BOS",,51,"21.9472222",,"Tail","50 / 55","50 / 55","","40 / 50","30 / 35",,,"90-93","96","35+","sa3014520"
"Julio Robaina","SP","HOU",,32,"20.2",,"Cut/Rise","40 / 45","","50 / 55","45 / 50","35 / 55",2200,2800,"89-92","94","35+","sa3006817"
"Diosmerky Taveras","SIRP","HOU",,33,"21.7",,,"60 / 65","45 / 50","","40 / 50","20 / 35",2150,2450,"94-97","98","35+","sa3004872"
"Yennsy Diaz","SIRP","NYM",,21,"24.5555555",,"Tail","55 / 60","","45 / 45","55 / 55","35 / 35",2400,2150,"93-96","98","35+","20218"
"Marcel Renteria","SIRP","NYM",,22,"26.6888888",,"Tail","50 / 55","","70 / 70","","30 / 35",,,"93-95","96","35+","sa3005016"
"Tylor Megill","SIRP","NYM",,23,"25.8527777",,"None","50 / 50","55 / 55","","","40 / 45",2100,,"90-93","95","35+","sa3007988"
"Joander Suarez","SP","NYM",,24,"21.2722222",,"Rise","45 / 50","50 / 55","","40 / 50","40 / 50",2350,,"91-94","95","35+","sa3008263"
"Trevor McDonald","SP","SFG",,34,"20.275",,"Tail","45 / 50","45 / 55","","40 / 55","30 / 50",2200,2350,"90-94","96","35+","sa3011835"
"Esmerlin Vinicio","SP","SFG",,36,"18.3472222",,,"20 / 50","","40 / 55","50 / 60","35 / 55",,,"83-85","86","35+","sa3014708"
"Michel Otanez","SIRP","NYM",,27,"23.9222222","10/1/16","Sink/Tail","55 / 60","45 / 50","","","30 / 40",2200,,"90-97","99","35+","sa932611"
"Raffi Vizcaino","SIRP","SFG",,38,"25.5083333",,"Rise/Tail","60 / 60","55 / 55","","50 / 50","30 / 30",2450,2700,"94-97","98","35+","sa736742"
"Cole Waites","SIRP","SFG",,41,"22.9861111",,"Cu/Rise","70 / 70","45 / 55","","","20 / 35",,,"96-99","100","35+","sa3011556"
"Dedniel Nunez","SIRP","SFG",,42,"25","3/20/21",,"60 / 60","60 / 60","","","35 / 40",2600,,"93-94","96","35+","sa3004203"
"Collin Snider","SIRP","KCR",,35,"25.6527777",,"Tail","55 / 55","50 / 55","","","50 / 60",,,"93-95","96","35+","sa3004093"