Name,Pos,Org,Top 100,Org Rk,Age,Hit,Pitch Sel,Bat Ctrl,Game,Raw,Spd,Fld,Avg EV,Hard Hit%,Max EV,FV,playerId
"Wander Franco","SS","TBR",1,1,"20.4222222","60 / 80",60,70,"45 / 60","55 / 55","60 / 60","50 / 55",89,0.39,108,"80","23667"
"Adley Rutschman","C","BAL",2,1,"23.4916666","45 / 55",60,45,"45 / 55","60 / 60","40 / 35","60 / 70",91,0.39,107,"70","sa3011643"
"CJ Abrams","2B","SDP",3,1,"20.8333333","50 / 70",40,70,"40 / 55","45 / 55","80 / 80","35 / 45",89,0.41,102,"60","sa3010152"
"Spencer Torkelson","1B","DET",4,1,"21.9361111","35 / 60",70,55,"35 / 65","65 / 70","40 / 40","40 / 40",97,0.66,112,"60","sa3014504"
"Marco Luciano","SS","SFG",5,1,"19.8166666","25 / 60",55,50,"25 / 70","60 / 70","50 / 45","30 / 40",92,0.5,109,"60","sa3010022"
"Francisco Alvarez","C","NYM",6,1,"19.7055555","25 / 55",55,50,"25 / 60","70 / 70","45 / 40","45 / 55",89,0.39,104,"60","sa3010862"
"Bobby Witt Jr.","SS","KCR",7,1,"21.1361111","30 / 45",50,40,"25 / 60","60 / 65","60 / 60","50 / 60",92,0.49,109,"60","sa3011225"
"Julio Rodriguez","RF","SEA",8,1,"20.5944444","30 / 55",40,60,"35 / 60","60 / 70","50 / 50","40 / 50",92,0.53,109,"60","sa3005720"
"Riley Greene","RF","DET",9,2,"20.8472222","35 / 60",60,60,"35 / 55","50 / 55","50 / 45","45 / 50",87,0.35,106,"60","sa3010694"
"Noelvi Marte","SS","SEA",10,2,"19.7972222","20 / 50",50,50,"25 / 60","50 / 60","60 / 55","40 / 50",87,0.31,103,"60","sa3008745"
"Corbin Carroll","CF","ARI",11,1,"20.95","35 / 70",60,60,"30 / 50","45 / 50","70 / 70","50 / 60",91,0.48,108,"60","sa3010593"
"Brandon Marsh","CF","LAA",12,1,"23.625","45 / 55",55,50,"40 / 55","55 / 55","60 / 60","50 / 60",90,0.42,110,"60","20202"
"Vidal Brujan","2B","TBR",14,2,"23.4833333","50 / 65",55,60,"30 / 45","45 / 50","70 / 70","50 / 55",87,0.28,104,"60","20536"
"Brennen Davis","CF","CHC",16,1,"21.7527777","40 / 50",45,45,"35 / 60","55 / 60","60 / 55","45 / 55",87,0.41,104,"60","sa3007876"
"Brett Baty","3B","NYM",17,2,"21.7222222","35 / 55",55,50,"30 / 60","65 / 70","45 / 40","45 / 50",91,,106,"55","sa3010869"
"Luis Campusano","C","SDP",19,2,"22.8444444","45 / 55",55,60,"30 / 50","55 / 60","40 / 40","40 / 45",89,0.39,109,"55","22217"
"Triston Casas","1B","BOS",22,1,"21.55","35 / 55",55,55,"35 / 60","65 / 70","30 / 20","35 / 40",87,0.3,107,"55","sa3007634"
"Cristian Pache","CF","ATL",24,1,"22.7055555","45 / 50",40,55,"40 / 45","50 / 55","70 / 70","80 / 80",88,0.36,105,"55","19948"
"Nolan Gorman","3B","STL",26,1,"21.2305555","30 / 50",55,40,"25 / 60","65 / 70","40 / 40","40 / 45",91,0.45,109,"55","sa3007017"
"Alek Thomas","LF","ARI",27,2,"21.2638888","35 / 55",55,45,"40 / 55","50 / 55","60 / 60","50 / 55",90,0.45,107,"55","sa3006892"
"Ronny Mauricio","SS","NYM",29,3,"20.3305555","30 / 50",35,45,"30 / 50","45 / 55","50 / 50","45 / 50",87,0.35,102,"55","sa3006887"
"Jose Barrero","SS","CIN",30,1,"23.3277777","30 / 40",40,45,"40 / 50","55 / 60","60 / 60","60 / 60",87,0.35,109,"55","23378"
"Royce Lewis","SS","MIN",31,1,"22.1611111","30 / 40",40,50,"40 / 60","60 / 70","60 / 50","40 / 45",90,0.42,108,"55","sa3004259"
"Marcelo Mayer","SS","BOS",32,2,"18.5805555","25 / 60",50,55,"20 / 55","45 / 55","35 / 40","45 / 50",,,,"50",
"Henry Davis","C","PIT",33,1,"21.8055555","35 / 50",45,45,"35 / 70","70 / 70","40 / 40","30 / 40",,,109,"50",
"Tyler Soderstrom","1B","OAK",36,1,"19.6916666","25 / 60",60,60,"20 / 55","50 / 60","40 / 40","30 / 45",,,,"50","sa3014489"
"Gabriel Moreno","C","TOR",39,3,"21.4694444","45 / 50",45,60,"30 / 45","45 / 50","45 / 40","40 / 45",87,0.34,106,"50","sa3003226"
"Keibert Ruiz","C","WSN",41,2,"23.0361111","55 / 60",30,70,"30 / 30","45 / 45","20 / 20","50 / 50",88,0.28,100,"50","19610"
"Josh Lowe","CF","TBR",43,3,"23.5027777","30 / 40",60,45,"40 / 55","60 / 60","60 / 60","40 / 45",90,0.43,110,"50","sa917926"
"Heliot Ramos","RF","SFG",45,2,"21.9055555","35 / 45",50,50,"45 / 55","55 / 55","55 / 50","45 / 50",90,0.52,108,"50","sa3004693"
"Nolan Jones","LF","CLE",49,1,"23.2388888","30 / 40",80,40,"50 / 65","70 / 70","30 / 30","40 / 45",92,0.52,114,"50","sa917941"
"Jeremy Pena","SS","HOU",50,1,"23.8638888","40 / 50",45,50,"30 / 40","45 / 45","55 / 55","55 / 60",87,0.37,105,"50","sa876320"
"Oswald Peraza","SS","NYY",51,1,"21.1333333","45 / 60",50,55,"30 / 45","40 / 45","60 / 60","55 / 60",87,0.35,106,"50","sa3003305"
"Orelvis Martinez","SS","TOR",54,4,"19.7055555","20 / 45",50,50,"25 / 50","50 / 60","45 / 40","30 / 45",87,0.27,105,"50","sa3010692"
"Kahlil Watson","SS","MIA",55,4,"18.2361111","20 / 50",40,50,"25 / 60","50 / 60","55 / 55","40 / 50",,,,"50",
"Alejandro Kirk","C","TOR",56,5,"22.7416666","55 / 60",60,60,"40 / 45","50 / 50","20 / 20","40 / 40",91,0.48,107,"50","22581"
"Jarren Duran","CF","BOS",57,3,"24.9111111","45 / 55",45,45,"30 / 35","45 / 45","70 / 70","35 / 40",88,0.37,106,"50","24617"
"Austin Martin","CF","MIN",58,4,"22.3611111","35 / 60",70,60,"35 / 50","45 / 50","50 / 50","35 / 45",90,,105,"50","sa3014454"
"Jordan Walker","3B","STL",61,3,"19.1972222","25 / 50",45,50,"25 / 60","60 / 70","40 / 30","40 / 50",,,,"50","sa3014464"
"Joey Bart","C","SFG",64,3,"24.6333333","30 / 40",45,50,"50 / 60","60 / 60","35 / 30","65 / 70",92,0.39,109,"50","21524"
"Josh Jung","3B","TEX",66,2,"23.475","35 / 55",50,45,"35 / 50","60 / 60","45 / 45","50 / 55",87,,,"50","sa3011468"
"Brayan Rocchio","SS","CLE",67,3,"20.5555555","35 / 60",45,60,"30 / 40","30 / 40","60 / 60","60 / 70",85,0.18,102,"50","sa3005898"
"Tyler Freeman","2B","CLE",70,4,"22.2","50 / 70",30,70,"20 / 30","40 / 45","55 / 50","45 / 50",86,0.33,102,"50","sa3004755"
"Xavier Edwards","2B","TBR",71,5,"21.9833333","35 / 60",45,70,"20 / 30","40 / 40","80 / 80","45 / 50",84,0.35,100,"50","sa3007018"
"Shea Langeliers","C","ATL",72,2,"23.7083333","30 / 50",50,50,"30 / 50","55 / 55","35 / 30","50 / 55",88,0.38,106,"50","sa3010329"
"Greg Jones","CF","TBR",73,6,"23.4055555","30 / 45",50,40,"30 / 50","50 / 55","70 / 70","40 / 45",87,0.34,106,"50","sa3010151"
"Robert Hassell III","CF","SDP",75,4,"19.9666666","25 / 55",,,"20 / 45","45 / 50","55 / 55","40 / 50",,,,"50","sa3014701"
"Liover Peguero","SS","PIT",76,4,"20.5916666","35 / 60",50,55,"35 / 45","45 / 50","60 / 55","45 / 55",90,0.42,105,"50","sa3005582"
"Alexander Vargas","SS","NYY",78,3,"19.7611111","25 / 55",50,55,"20 / 45","35 / 50","60 / 60","45 / 60",81,0.13,99,"50","sa3008851"
"Jordan Lawlar","SS","ARI",79,4,"18.9833333","25 / 55",50,60,"20 / 50","45 / 50","60 / 60","45 / 60",,,,"50",
"Oneil Cruz","SS","PIT",81,6,"22.8305555","30 / 35",30,50,"40 / 60","70 / 80","60 / 45","40 / 45",91,0.5,112,"50","sa917318"
"Zac Veen","CF","COL",82,1,"19.6416666","25 / 55",,,"25 / 60","55 / 65","60 / 55","40 / 50",91,,103,"50","sa3014516"
"Dillon Dingler","C","DET",83,4,"22.8777777","35 / 55",50,55,"30 / 45","50 / 50","45 / 45","45 / 55",91,,107,"50","sa3014528"
"Geraldo Perdomo","SS","ARI",84,5,"21.7805555","35 / 55",70,60,"30 / 45","45 / 50","55 / 55","45 / 55",87,0.16,103,"50","22799"
"Korey Lee","C","HOU",85,2,"23.0222222","30 / 45",50,45,"30 / 50","55 / 55","50 / 45","40 / 50",89,,108,"50","sa3010034"
"Jordan Groshans","3B","TOR",86,6,"21.7305555","30 / 45",,,"35 / 60","60 / 70","55 / 50","45 / 50",90,,107,"50","sa3006893"
"Colton Cowser","CF","BAL",87,4,"21.3083333","35 / 70",50,60,"30 / 40","40 / 45","50 / 50","45 / 55",,,,"50",
"Jeter Downs","2B","BOS",88,4,"23.0166666","40 / 50",55,55,"40 / 45","50 / 50","45 / 45","45 / 50",88,0.38,106,"50","sa3004615"
"Cal Raleigh","C","SEA",91,5,"24.6861111","35 / 40",55,40,"40 / 50","55 / 55","30 / 30","40 / 45",88,,108,"50","21534"
"Kristian Robinson","RF","ARI",92,6,"20.6444444","30 / 40",50,45,"30 / 60","60 / 70","60 / 50","45 / 50",92,0.5,109,"50","sa3006884"
"Luis Matos","CF","SFG",93,4,"19.5138888","25 / 55",45,50,"20 / 50","50 / 60","60 / 60","45 / 50",87,0.38,106,"50","sa3008756"
"Ivan Herrera","C","STL",95,4,"21.1722222","35 / 50",55,55,"25 / 45","50 / 55","30 / 30","45 / 55",87,0.32,110,"50","sa3003191"
"Gunnar Henderson","3B","BAL",96,5,"20.0944444","25 / 55",50,50,"20 / 50","50 / 55","50 / 50","45 / 55",85,,104,"50","sa3011484"
"Michael Busch","2B","LAD",97,1,"23.7333333","35 / 55",60,50,"35 / 55","60 / 60","50 / 45","30 / 35",,,,"50","sa3011540"
"Anthony Volpe","SS","NYY",98,5,"20.2638888","25 / 55",50,55,"20 / 35","40 / 45","50 / 50","50 / 55",86,0.3,102,"50","sa3010868"
"George Valera","RF","CLE",101,5,"20.7222222","35 / 45",50,45,"35 / 60","55 / 60","50 / 45","45 / 45",91,0.43,107,"50","sa3006872"
"Jasson Dominguez","CF","NYY",102,6,"18.4888888","20 / 55",,,"25 / 60","70 / 70","70 / 70","45 / 55",,,,"50","sa3014696"
"JJ Bleday","RF","MIA",105,5,"23.7305555","45 / 55",60,55,"45 / 55","55 / 55","45 / 40","50 / 60",88,0.31,109,"50","sa3011642"
"Taylor Walls","SS","TBR",108,8,"25.0638888","50 / 60",60,60,"30 / 30","35 / 35","50 / 50","60 / 60",88,0.3,102,"50","22458"
"Nick Gonzales","2B","PIT",109,8,"22.1833333","35 / 60",50,55,"35 / 50","55 / 55","50 / 50","40 / 45",,,,"50","sa3014510"
"Andy Pages","CF","LAD",110,2,"20.6527777","30 / 40",55,45,"35 / 65","60 / 60","50 / 50","45 / 50",89,0.42,107,"50","sa3005625"
"Heston Kjerstad","RF","BAL",111,6,"22.475","35 / 55",45,60,"35 / 60","55 / 60","50 / 45","45 / 50",96,,108,"50","sa3014439"
"Jordyn Adams","CF","LAA",112,3,"21.7916666","30 / 45",50,40,"30 / 55","50 / 60","80 / 80","45 / 60",86,0.32,104,"50","sa3008032"
"Diego Cartaya","C","LAD",113,3,"19.9055555","20 / 45",40,50,"25 / 55","50 / 60","40 / 30","40 / 50",86,0.3,105,"50","sa3008742"
"Bo Naylor","C","CLE",114,6,"21.45","30 / 40",45,45,"30 / 50","55 / 60","50 / 40","40 / 45",89,0.35,104,"50","sa3008247"
"Jacob Amaya","SS","LAD",115,4,"22.9166666","35 / 60",70,60,"30 / 40","40 / 45","55 / 55","45 / 55",89,0.4,105,"50","sa3005081"
"Travis Swaggerty","CF","PIT",116,9,"23.9555555","40 / 50",55,50,"30 / 45","60 / 60","65 / 65","55 / 60",89,0.41,,"50","sa3007512"
"Blake Hunt","C","TBR",117,9,"22.7305555","30 / 45",50,50,"35 / 50","55 / 60","40 / 30","45 / 50",88,0.33,103,"50","sa3004153"
"Kevin Alcantara","CF","CHC",118,2,"19.0583333","20 / 40",50,45,"20 / 60","50 / 70","60 / 55","45 / 55",88,0.3,106,"50","sa3008752"
"Heriberto Hernandez","LF","TBR",119,10,"21.6305555","35 / 60",60,60,"35 / 60","55 / 65","30 / 30","30 / 40",95,0.62,112,"50","sa3005630"
"Ezequiel Duran","2B","TEX",120,3,"22.1972222","30 / 40",40,40,"35 / 60","55 / 60","40 / 35","30 / 35",92,0.52,109,"50","sa3005271"
"Reginald Preciado","3B","CHC",121,3,"18.2138888","20 / 45",40,55,"20 / 60","45 / 60","40 / 40","40 / 50",,,,"50","sa3014702"
"Gilberto Jimenez","CF","BOS",,6,"21.0694444","35 / 60",35,60,"30 / 40","45 / 50","70 / 70","50 / 60",83,0.15,99,"45+","sa3005507"
"Garrett Mitchell","CF","MIL",,2,"22.9138888","35 / 50",,,"30 / 45","60 / 60","70 / 70","45 / 55",89,,107,"45+","sa3014438"
"Sal Frelick","CF","MIL",,3,"21.2277777","35 / 60",60,60,"30 / 45","40 / 45","60 / 60","45 / 60",,,,"45+",
"Cristian Hernandez","SS","CHC",,4,"17.6388888","25 / 50",,60,"20 / 40","45 / 55","55 / 55","40 / 50",,,,"45+","sa3015696"
"Ed Howard","SS","CHC",,5,"19.5138888","25 / 55",50,55,"20 / 45","40 / 45","50 / 50","55 / 70",,,,"45+","sa3014540"
"Brady House","3B","WSN",,4,"18.1027777","20 / 45",40,60,"20 / 60","60 / 80","45 / 40","40 / 50",,,,"45+",
"Patrick Bailey","C","SFG",,6,"22.1777777","35 / 60",55,55,"30 / 40","50 / 50","30 / 30","40 / 50",87,,,"45+","sa3014442"
"Hunter Bishop","CF","SFG",,7,"23.1055555","30 / 45",45,45,"35 / 60","65 / 70","60 / 55","45 / 50",91,,110,"45+","sa3011413"
"Antonio Gomez","C","NYY",,9,"19.7222222","25 / 50",,40,"20 / 45","45 / 50","40 / 30","40 / 55",87,,102,"45+","sa3008746"
"Austin Hendrick","RF","CIN",,4,"20.1333333","20 / 40",,,"25 / 60","60 / 70","50 / 45","45 / 50",,,,"45+","sa3014521"
"Pedro Pineda","RF","OAK",,2,"17.9083333","20 / 45",,50,"25 / 60","50 / 70","60 / 50","40 / 50",,,,"45+","sa3015703"
"Carlos Colmenarez","SS","TBR",,11,"17.7166666","25 / 55",,50,"25 / 55","45 / 55","55 / 55","45 / 55",,,,"45+",
"Gabriel Arias","SS","CLE",,7,"21.4333333","30 / 35",30,40,"35 / 50","55 / 60","55 / 55","55 / 60",88,0.36,106,"45+","sa3004047"
"Drew Waters","CF","ATL",,3,"22.5916666","40 / 60",30,55,"40 / 50","55 / 60","60 / 60","45 / 50",89,0.4,109,"45+","sa3004378"
"Michael Harris II","CF","ATL",,4,"20.4055555","35 / 55",50,55,"30 / 55","55 / 60","55 / 50","40 / 45",90,0.42,107,"45+","sa3010684"
"Bryson Stott","SS","PHI",,2,"23.825","45 / 55",45,60,"30 / 40","50 / 50","55 / 50","40 / 45",85,0.19,101,"45+","sa3011443"
"Justin Foscue","2B","TEX",,4,"22.4194444","35 / 50",,60,"30 / 50","55 / 55","40 / 40","40 / 45",,,,"45+","sa3014527"
"Davis Wendzel","SS","TEX",,6,"24.1944444","40 / 55",55,55,"30 / 50","55 / 55","40 / 40","35 / 45",,,,"45+","sa3011890"
"Steele Walker","CF","TEX",,7,"25.0083333","40 / 45",50,55,"30 / 60","60 / 60","55 / 55","40 / 45",89,,,"45+","sa3008306"
"Ryan Vilade","LF","COL",,2,"22.4583333","35 / 50",50,60,"30 / 50","55 / 60","45 / 40","40 / 40",88,,107,"45+","sa3004256"
"Parker Meadows","CF","DET",,6,"21.7527777","30 / 45",50,45,"30 / 50","55 / 60","60 / 60","45 / 55",85,0.29,104,"45","sa3007943"
"Cristian Santana","SS","DET",,7,"17.6888888","25 / 60",,60,"25 / 50","40 / 50","50 / 45","40 / 45",,,,"45","sa3015697"
"Ronaldo Hernandez","C","BOS",,11,"23.7277777","30 / 35",30,45,"40 / 50","60 / 60","30 / 30","40 / 45",87,0.31,110,"45","sa881850"
"Jeferson Quero","C","MIL",,4,"18.8194444","25 / 50",,,"20 / 55","50 / 60","30 / 20","40 / 60",,,,"45","sa3015407"
"Brice Turang","SS","MIL",,6,"21.7","40 / 50",60,50,"30 / 40","50 / 50","55 / 55","60 / 60",87,,102,"45","sa3008294"
"Jackson Chourio","CF","MIL",,7,"17.3944444","20 / 55",,,"20 / 45","40 / 50","60 / 60","40 / 60",,,,"45","sa3015704"
"Mario Feliciano","C","MIL",,8,"22.7027777","45 / 50",35,55,"35 / 45","50 / 55","30 / 30","30 / 35",91,,108,"45","20263"
"Korry Howell","CF","MIL",,10,"22.9222222","30 / 35",55,40,"35 / 50","50 / 55","70 / 70","45 / 60",83,,101,"45","sa3008238"
"Miguel Hiraldo","3B","TOR",,8,"20.9111111","25 / 55",40,55,"25 / 50","50 / 55","50 / 40","40 / 45",86,0.26,108,"45","sa3005486"
"Pedro Leon","SS/CF","HOU",,6,"23.1805555","30 / 45",45,40,"40 / 55","60 / 60","60 / 60","55 / 55",,,,"45","sa3014838"
"Colin Barber","CF","HOU",,7,"20.6638888","35 / 55",45,55,"30 / 45","45 / 45","60 / 60","40 / 50",86,,104,"45","sa3010696"
"Pete Crow-Armstrong","CF","CHC",,7,"19.3555555","25 / 50",,40,"20 / 40","45 / 50","60 / 60","50 / 70",,,,"45","sa3014458"
"Miguel Amaya","C","CHC",,8,"22.4","40 / 50",55,45,"30 / 40","50 / 50","40 / 30","50 / 60",86,,109,"45","sa917354"
"Owen Caissie","LF","CHC",,10,"19.0694444","20 / 45",,45,"25 / 55","50 / 60","40 / 30","40 / 50",,,,"45","sa3014465"
"Misael Urbina","CF","MIN",,8,"19.2666666","25 / 55",50,55,"25 / 50","45 / 50","55 / 50","40 / 50",81,0.38,98,"45","sa3008743"
"Christopher Morel","3B","CHC",,11,"22.1083333","30 / 40",30,45,"45 / 55","55 / 60","50 / 50","40 / 50",86,,107,"45","sa3003171"
"Cole Roederer","LF","CHC",,13,"21.8583333","35 / 45",45,55,"35 / 55","50 / 55","50 / 45","45 / 60",85,,103,"45","sa3008184"
"Gilberto Celestino","CF","MIN",,11,"22.4722222","35 / 55",55,55,"30 / 35","40 / 40","60 / 60","55 / 60",90,0.45,104,"45","20233"
"Alexander Canario","RF","CHC",,14,"21.2388888","30 / 40",45,40,"35 / 60","55 / 60","50 / 45","40 / 50",90,0.42,107,"45","sa3003316"
"Keoni Cavaco","3B","MIN",,12,"20.1694444","20 / 45",45,45,"25 / 55","55 / 60","60 / 55","40 / 50",85,,103,"45","sa3010706"
"Yasel Antuna","3B","WSN",,6,"21.7694444","30 / 40",45,50,"35 / 50","50 / 55","40 / 40","40 / 45",86,,103,"45","sa962601"
"Harry Ford","C","SEA",,6,"18.3888888","25 / 50",45,50,"25 / 55","55 / 60","60 / 60","30 / 50",,,,"45",
"Kyle Isbel","RF","KCR",,5,"24.4166666","45 / 50",45,50,"40 / 45","50 / 50","50 / 50","60 / 60",89,,109,"45","21614"
"Nick Loftin","SS","KCR",,6,"22.8555555","35 / 50",,50,"30 / 45","45 / 50","55 / 55","45 / 50",89,,102,"45","sa3014511"
"Erick Pena","CF","KCR",,7,"18.4527777","20 / 45",,,"25 / 55","45 / 60","55 / 55","50 / 50",,,,"45","sa3014686"
"Jeison Guzman","SS","KCR",,9,"22.8194444","45 / 50",35,50,"30 / 35","45 / 45","55 / 55","55 / 60",86,,104,"45","sa914314"
"Nick Pratto","1B","KCR",,10,"22.825","40 / 45",60,40,"45 / 55","55 / 55","40 / 40","55 / 60",86,,106,"45","sa3004138"
"Mark Vientos","3B","NYM",,5,"21.6444444","30 / 40",40,40,"35 / 60","60 / 70","40 / 35","35 / 40",91,0.47,105,"45","sa3004720"
"Khalil Lee","RF","NYM",,7,"23.1027777","30 / 40",55,40,"35 / 50","55 / 60","55 / 55","45 / 55",89,,108,"45","19952"
"Luis Toribio","3B","SFG",,9,"20.8472222","35 / 55",50,50,"30 / 55","55 / 60","40 / 30","40 / 45",93,0.5,109,"45","sa3005541"
"Will Wilson","2B","SFG",,11,"23.0333333","35 / 55",50,50,"30 / 45","50 / 50","50 / 50","45 / 50",86,,103,"45","sa3009871"
"Austin Wells","RF","NYY",,11,"22.0583333","35 / 55",55,55,"35 / 55","55 / 55","45 / 45","30 / 40",,,,"45","sa3014440"
"Arol Vera","SS","LAA",,4,"18.8916666","20 / 45",,,"20 / 50","45 / 60","50 / 50","40 / 50",,,,"45","sa3014687"
"Adrian Placencia","2B","LAA",,5,"18.1694444","25 / 55",,,"20 / 40","30 / 45","50 / 50","40 / 50",,,,"45","sa3014688"
"Kyren Paris","2B","LAA",,7,"19.7277777","20 / 50",,55,"20 / 40","45 / 55","70 / 70","45 / 50",,,,"45","sa3011768"
"Masyn Winn","SIRP/SS","STL",,6,"19.3666666","20 / 40",40,45,"20 / 50","45 / 60","60 / 60","40 / 50",,,,"45","sa3014506"
"Joshua Baez","RF","STL",,7,"18.0361111","20 / 40",40,30,"25 / 60","60 / 70","50 / 40","40 / 50",,,,"45",
"Matt McLain","SS","CIN",,6,"21.9305555","35 / 60",50,60,"30 / 40","45 / 45","60 / 60","45 / 50",86,,,"45",
"Tyler Callihan","2B","CIN",,7,"21.1138888","35 / 55",40,60,"30 / 50","55 / 60","30 / 30","30 / 40",88,0.37,105,"45","sa1169610"
"Rece Hinds","RF","CIN",,8,"20.9111111","30 / 40",,,"35 / 60","65 / 70","45 / 40","40 / 50",87,,105,"45","sa1169587"
"Michael Siani","CF","CIN",,9,"22.0472222","35 / 50",45,55,"20 / 30","40 / 45","60 / 60","55 / 70",83,0.2,100,"45","sa3008182"
"Nick Allen","SS","OAK",,5,"22.8194444","45 / 50",40,60,"20 / 30","30 / 30","50 / 50","70 / 70",85,,,"45","sa3004723"
"Brayan Buelvas","CF","OAK",,6,"19.1527777","25 / 60",45,60,"20 / 40","40 / 45","60 / 55","45 / 55",89,,,"45","sa3008868"
"Wilman Diaz","SS","LAD",,8,"17.7166666","25 / 60",,60,"20 / 50","40 / 50","60 / 60","40 / 50",,,,"45","sa3015694"
"Miguel Vargas","1B","LAD",,9,"21.7111111","35 / 60",55,60,"30 / 50","50 / 55","45 / 40","40 / 45",89,0.36,104,"45","sa3006896"
"Kody Hoese","3B","LAD",,11,"24.0555555","35 / 50",50,50,"35 / 55","50 / 50","45 / 40","45 / 50",88,0.35,,"45","sa3010021"
"Alex De Jesus","3B","LAD",,12,"19.3638888","20 / 40",35,55,"20 / 55","45 / 60","40 / 30","40 / 50",87,0.42,106,"45","sa3008842"
"Ford Proctor","C","TBR",,13,"24.6638888","35 / 60",55,55,"30 / 35","40 / 40","45 / 45","40 / 45",88,0.41,104,"45","sa876187"
"Alejandro Pie","SS","TBR",,14,"19.5083333","20 / 45",40,50,"20 / 55","45 / 60","60 / 55","40 / 50",80,0.17,102,"45","sa3008754"
"Aaron Bracho","2B","CLE",,10,"20.275","35 / 55",60,55,"25 / 55","55 / 55","50 / 45","30 / 40",87,0.23,102,"45","sa3010018"
"Angel Martinez","SS","CLE",,11,"19.5305555","25 / 55",50,60,"20 / 45","40 / 50","60 / 60","40 / 50",84,0.11,98,"45","sa3008762"
"Owen Miller","SS","CLE",,14,"24.7166666","40 / 55",50,55,"30 / 40","50 / 50","45 / 45","45 / 50",86,0.38,103,"45","24655"
"Bryan Lavastida","C","CLE",,15,"22.6833333","30 / 45",50,40,"35 / 40","50 / 55","30 / 30","30 / 45",89,0.39,104,"45","sa3006917"
"Ethan Wilson","LF","PHI",,4,"21.6777777","30 / 40",45,40,"35 / 55","60 / 60","55 / 55","40 / 50",,,,"45",
"Johan Rojas","CF","PHI",,9,"20.9694444","35 / 55",30,55,"30 / 45","50 / 60","70 / 70","45 / 60",87,0.36,107,"45","sa3005784"
"Luis Garcia","SS","PHI",,10,"20.7833333","30 / 55",50,50,"30 / 35","45 / 50","55 / 55","50 / 55",81,0.12,101,"45","sa3007295"
"Rafael Marchan","C","PHI",,11,"22.4388888","55 / 60",50,70,"20 / 30","40 / 40","45 / 40","45 / 50",83,0.12,101,"45","21646"
"Simon Muzziotti","CF","PHI",,12,"22.6","45 / 60",35,60,"30 / 35","40 / 45","60 / 60","45 / 55",84,0.21,102,"45","sa917376"
"Ryan McKenna","CF","BAL",,7,"24.4694444","40 / 45",60,50,"30 / 40","45 / 45","70 / 70","55 / 60",88,0.41,107,"45","19928"
"Jordan Westburg","2B","BAL",,8,"22.4583333","35 / 50",50,45,"30 / 50","50 / 50","55 / 55","40 / 45",93,,110,"45","sa3014499"
"Jose Salas","SS","MIA",,6,"18.2694444","20 / 40",,,"25 / 50","45 / 60","60 / 50","35 / 45",,,,"45","sa3014690"
"Terrin Vavra","2B","BAL",,9,"24.225","35 / 60",60,55,"35 / 40","40 / 40","50 / 50","50 / 50",87,0.36,102,"45","sa3007643"
"Peyton Burdick","RF","MIA",,7,"24.4361111","30 / 40",40,50,"40 / 60","70 / 70","55 / 55","40 / 50",91,,109,"45","sa3009876"
"Jesus Sanchez","RF","MIA",,9,"23.8222222","30 / 40",30,45,"30 / 50","70 / 70","50 / 50","50 / 50",92,,111,"45","19913"
"Kyle Stowers","RF","BAL",,12,"23.5861111","30 / 45",50,45,"35 / 55","55 / 55","50 / 50","50 / 55",88,,110,"45","sa1115829"
"Alex Jackson","C","MIA",,11,"25.6055555","35 / 40",30,55,"50 / 55","70 / 70","30 / 30","45 / 50",91,0.51,112,"45","17276"
"Kameron Misner","CF","MIA",,12,"23.5694444","30 / 40",55,45,"35 / 50","60 / 60","60 / 60","50 / 55",87,,106,"45","sa3011656"
"Cody Morissette","SS","MIA",,13,"21.4861111","35 / 60",55,60,"20 / 50","45 / 45","55 / 55","40 / 45",,,,"45",
"Josh H. Smith","2B","TEX",,8,"23.9888888","30 / 50",55,60,"30 / 45","50 / 50","50 / 50","45 / 50",88,,104,"45","sa3011703"
"Drew Romo","C","COL",,3,"19.9277777","20 / 40",,35,"20 / 45","55 / 60","30 / 30","45 / 60",,,,"45","sa3014522"
"Nasim Nunez","SS","MIA",,14,"20.9583333","30 / 45",45,45,"30 / 35","40 / 45","60 / 60","55 / 70",84,,97,"45","sa3010695"
"Michael Toglia","1B","COL",,4,"22.9638888","35 / 55",55,45,"35 / 55","50 / 55","40 / 40","55 / 60",90,,107,"45","sa3010393"
"Jerar Encarnacion","DH","MIA",,15,"23.7805555","35 / 50",40,50,"45 / 60","60 / 60","30 / 30","40 / 45",91,,109,"45","sa943817"
"Sam Huff","C","TEX",,10,"23.5527777","30 / 35",35,45,"50 / 55","70 / 70","20 / 20","45 / 50",91,,109,"45","22209"
"Lewin Diaz","1B","MIA",,16,"24.7055555","45 / 45",40,50,"45 / 45","60 / 60","45 / 45","60 / 70",91,,107,"45","18365"
"Brenton Doyle","CF","COL",,6,"23.2194444","35 / 50",50,50,"30 / 50","60 / 60","60 / 60","40 / 50",87,,106,"45","sa3009965"
"Colton Welker","3B","COL",,7,"23.8166666","55 / 55",45,60,"35 / 40","50 / 50","30 / 30","40 / 40",87,,104,"45","sa917962"
"Ji-hwan Bae","SS","PIT",,11,"22.0194444","50 / 70",50,70,"30 / 35","35 / 40","65 / 60","40 / 50",85,0.18,99,"45","sa3006895"
"Hudson Head","CF","PIT",,13,"20.3194444","30 / 60",50,60,"20 / 45","45 / 55","60 / 60","45 / 55",89,0.37,108,"45","sa3010889"
"Cal Mitchell","RF","PIT",,29,"22.4027777","30 / 45",35,50,"35 / 50","45 / 50","40 / 40","40 / 50",86,0.31,103,"40+","sa3004258"
"Sammy Siani","CF","PIT",,31,"20.6361111","35 / 50",55,40,"20 / 45","45 / 50","55 / 55","45 / 50",83,0.12,99,"40+","sa3010704"
"Daniel Cabrera","LF","DET",,12,"22.9111111","35 / 55",55,60,"30 / 50","50 / 55","45 / 45","45 / 50",87,0.31,104,"40+","sa3014452"
"Tyler McDonough","2B","BOS",,15,"22.275","30 / 50",55,50,"30 / 40","45 / 45","50 / 50","40 / 45",,,,"40+",
"Nick Quintana","3B","DET",,13,"23.8055555","35 / 50",50,40,"30 / 50","55 / 55","40 / 40","50 / 60",87,,105,"40+","sa3010390"
"Nick Yorke","2B","BOS",,17,"19.3361111","25 / 60",50,60,"20 / 40","40 / 45","50 / 45","30 / 40",,,,"40+","sa3014546"
"Jeisson Rosario","CF","BOS",,18,"21.7805555","40 / 50",65,60,"30 / 30","40 / 45","60 / 60","45 / 60",86,0.23,103,"40+","sa3004146"
"Zavier Warren","C","MIL",,11,"22.5694444","35 / 55",55,40,"30 / 45","50 / 55","50 / 40","30 / 45",96,,102,"40+","sa3014549"
"Joe Gray Jr.","RF","MIL",,12,"21.3916666","30 / 40",55,45,"35 / 55","55 / 60","55 / 50","50 / 60",85,,106,"40+","sa3008005"
"Hedbert Perez","LF","MIL",,13,"18.3305555","20 / 45",,,"25 / 55","50 / 60","55 / 55","40 / 55",,,,"40+","sa3014692"
"Tyler Black","2B","MIL",,14,"20.9583333","35 / 55",40,40,"40 / 45","45 / 50","45 / 45","45 / 45",,,,"40+",
"David Hamilton","SS","MIL",,15,"23.8444444","35 / 50",45,60,"30 / 35","40 / 40","70 / 70","50 / 55",,,,"40+","sa3014434"
"Freddy Zamora","SS","MIL",,16,"22.7555555","35 / 60",,,"35 / 45","50 / 55","60 / 60","50 / 60",88,,100,"40+","sa3014500"
"Alex Binelas","3B","MIL",,18,"21.125","35 / 60",45,55,"30 / 50","50 / 50","30 / 30","40 / 45",,,,"40+",
"Tristen Lutz","RF","MIL",,19,"22.9472222","30 / 40",50,40,"45 / 55","60 / 60","40 / 40","45 / 45",88,,107,"40+","sa3004968"
"Eduardo Garcia","SS","MIL",,21,"19.0638888","20 / 30",,,"25 / 45","45 / 50","40 / 40","50 / 60",,,,"40+","sa3008751"
"Rikelbin De Castro","SS","TOR",,10,"18.5277777","20 / 50",,,"20 / 35","30 / 45","60 / 55","45 / 60",,,,"40+","sa3014714"
"Freudis Nova","2B","HOU",,12,"21.5583333","30 / 45",35,50,"35 / 55","55 / 60","50 / 45","40 / 45",83,,104,"40+","sa3003195"
"Kevin Made","SS","CHC",,15,"18.8972222","20 / 50",,,"20 / 45","35 / 50","55 / 55","45 / 55",,,,"40+","sa3014679"
"Jose Miranda","2B","MIN",,14,"23.0944444","35 / 55",40,60,"30 / 50","50 / 50","50 / 45","40 / 45",89,0.4,104,"40+","sa917952"
"Ismael Mena","CF","CHC",,17,"18.675","25 / 55",45,50,"20 / 40","40 / 50","60 / 60","40 / 50",,,,"40+","sa3014703"
"Noah Miller","SS","MIN",,15,"18.6638888","25 / 60",45,60,"20 / 45","40 / 45","40 / 40","30 / 45",,,,"40+",
"Yeison Santana","SS","CHC",,18,"20.6555555","30 / 50",45,55,"30 / 40","40 / 45","55 / 55","45 / 60",87,,103,"40+","sa3005730"
"Aaron Sabato","1B","MIN",,16,"22.1638888","35 / 55",,,"35 / 55","60 / 60","30 / 30","40 / 50",94,,111,"40+","sa3014494"
"James Triantos","SS","CHC",,19,"18.45","25 / 70",,70,"20 / 40","40 / 45","40 / 40","40 / 45",,,,"40+",
"Brent Rooker","1B","MIN",,17,"26.7555555","35 / 40",50,45,"50 / 60","65 / 65","40 / 40","35 / 40",92,0.56,109,"40+","19627"
"Greg Deichmann","RF","CHC",,20,"26.175","35 / 40",55,35,"45 / 50","70 / 70","45 / 45","40 / 45",,,,"40+","sa3004977"
"Chase Strumpf","2B","CHC",,21,"23.4027777","40 / 55",55,55,"30 / 40","50 / 50","50 / 50","45 / 50",87,,101,"40+","sa3010845"
"Matt Wallner","RF","MIN",,19,"23.6416666","30 / 45",60,40,"35 / 60","70 / 70","40 / 35","45 / 50",89,0.4,105,"40+","sa918808"
"Jeremy De La Rosa","RF","WSN",,9,"19.5472222","20 / 50",45,45,"20 / 55","55 / 60","50 / 50","35 / 45",89,,107,"40+","sa3011329"
"Bryce Ball","1B","CHC",,24,"23.0694444","30 / 45",50,45,"35 / 60","70 / 70","40 / 40","45 / 50",92,0.44,107,"40+","sa1170451"
"Drew Millas","C","WSN",,13,"23.55","30 / 50",55,55,"30 / 30","45 / 45","50 / 45","50 / 60",,,,"40+","sa3014475"
"Christian Franklin","CF","CHC",,28,"21.6138888","30 / 45",,,"35 / 50","50 / 50","50 / 50","45 / 50",,,,"40+",
"Edwin Arroyo","SS","SEA",,12,"17.8777777","20 / 45",,,"25 / 50","40 / 50","50 / 45","45 / 60",,,,"40+",
"MJ Melendez","C","KCR",,15,"22.6777777","20 / 30",50,20,"30 / 45","55 / 60","45 / 40","45 / 55",89,,106,"40+","sa3004139"
"Alex Ramirez","CF","NYM",,8,"18.5555555","20 / 50",,,"20 / 55","40 / 55","55 / 55","40 / 50",,,,"40+","sa3014695"
"Wes Kath","SS","CHW",,2,"18.9388888","25 / 60",45,55,"25 / 50","45 / 55","50 / 45","35 / 45",,,,"40+",
"Ricardo Genoves","C","SFG",,17,"22.2194444","30 / 45",50,40,"30 / 45","55 / 60","20 / 20","45 / 50",90,0.48,108,"40+","sa916844"
"Colson Montgomery","SS","CHW",,3,"19.3722222","20 / 45",45,45,"20 / 50","45 / 60","50 / 50","40 / 50",,,,"40+",
"Casey Schmitt","3B","SFG",,18,"22.4222222","30 / 55",45,55,"35 / 45","50 / 55","40 / 40","45 / 55",,,,"40+","sa3014484"
"Benyamin Bailey","RF","CHW",,5,"19.875","25 / 50",55,50,"20 / 55","50 / 60","45 / 30","30 / 45",87,0.33,101,"40+","sa3009343"
"Jairo Pomares","CF","SFG",,20,"20.9972222","35 / 55",45,55,"30 / 40","45 / 50","55 / 50","45 / 50",90,0.4,108,"40+","sa3010023"
"Jose Rodriguez","SS","CHW",,6,"20.2222222","25 / 60",30,60,"20 / 40","45 / 45","55 / 55","40 / 50",88,0.33,106,"40+","sa3005788"
"Jake Burger","1B","CHW",,7,"25.3138888","35 / 50",50,55,"40 / 55","60 / 60","30 / 30","40 / 45",,,,"40+","22275"
"Micker Adolfo","DH","CHW",,8,"24.8944444","30 / 35",45,40,"50 / 60","70 / 70","40 / 40","40 / 40",95,0.66,114,"40+","sa830303"
"Oswaldo Cabrera","2B","NYY",,14,"22.4222222","35 / 55",40,60,"30 / 40","40 / 45","50 / 50","45 / 50",90,0.4,105,"40+","sa916954"
"Fidel Montero","RF","NYY",,15,"17.6222222","20 / 45",,,"25 / 55","55 / 70","60 / 50","30 / 50",,,,"40+","sa3015856"
"Everson Pereira","CF","NYY",,16,"20.3138888","35 / 50",,,"30 / 50","50 / 50","55 / 55","45 / 55",89,,108,"40+","sa3007034"
"Alexander Ramirez","RF","LAA",,8,"18.9277777","20 / 40",45,40,"25 / 60","55 / 70","55 / 50","40 / 45",95,,111,"40+","sa3008757"
"David Calabrese","CF","LAA",,12,"18.8527777","25 / 60",60,,"20 / 40","40 / 45","60 / 60","45 / 55",,,,"40+","sa3014507"
"D'Shawn Knowles","CF","LAA",,13,"20.5472222","30 / 40",60,40,"30 / 40","45 / 50","70 / 70","45 / 55",85,,103,"40+","sa3006889"
"Jeremiah Jackson","3B","LAA",,14,"21.3527777","30 / 35",45,40,"35 / 55","55 / 60","55 / 55","40 / 50",92,,106,"40+","sa3007740"
"Jhon Torres","RF","STL",,9,"21.3444444","30 / 50",55,45,"30 / 55","55 / 60","50 / 40","40 / 50",84,,106,"40+","sa3003233"
"Luken Baker","1B","STL",,10,"24.3972222","35 / 40",55,40,"35 / 60","70 / 70","30 / 20","40 / 45",91,,109,"40+","sa3008267"
"Tre Fletcher","CF","STL",,11,"20.2583333","20 / 40",40,40,"25 / 50","55 / 60","60 / 55","40 / 50",87,,104,"40+","sa3010709"
"Matheu Nelson","C","CIN",,11,"22.5277777","30 / 40",45,45,"35 / 55","60 / 60","30 / 30","35 / 45",,,,"40+",
"Jay Allen","RF","CIN",,12,"18.6361111","20 / 45",45,45,"20 / 50","45 / 55","50 / 50","40 / 50",,,,"40+",
"Ivan Johnson","2B","CIN",,14,"22.8111111","30 / 45",50,45,"30 / 45","50 / 55","60 / 60","35 / 40",87,0.33,105,"40+","sa1169627"
"Seth Beer","DH","ARI",,16,"24.875","35 / 45",55,40,"40 / 55","60 / 60","20 / 20","30 / 40",88,0.42,106,"40+","sa3006658"
"A.J. Vukovich","1B","ARI",,18,"20.0361111","20 / 45",,,"25 / 55","60 / 70","30 / 20","35 / 45",,,108,"40+","sa3014525"
"Adrian Del Castillo","C","ARI",,21,"21.7888888","35 / 55",55,55,"30 / 40","45 / 45","30 / 30","30 / 40",,,,"40+","sa3016957"
"Manuel Pena","3B","ARI",,22,"17.6611111","20 / 50",,,"25 / 55","45 / 60","45 / 40","40 / 50",,,,"40+","sa3015715"
"Max Muncy","SS","OAK",,7,"18.8777777","20 / 45",45,45,"40 / 55","50 / 60","50 / 50","45 / 50",,,,"40+",
"Jesus Galiz","C","LAD",,15,"17.65","20 / 45",,50,"20 / 45","45 / 50","30 / 20","40 / 60",,,,"40+","sa3015700"
"Jose Ramos","CF","LAD",,16,"20.5888888","30 / 50",,,"35 / 55","45 / 50","60 / 60","50 / 70",,,,"40+","sa3008845"
"Carlos Santiago","SS","LAD",,17,"20.025","30 / 50",40,55,"30 / 55","50 / 55","40 / 40","40 / 45",,,,"40+","sa3005565"
"Carson Williams","SS/SIRP","TBR",,18,"18.0444444","30 / 50",50,50,"30 / 45","40 / 50","50 / 55","55 / 55",,,,"40+",
"Kevin Padlo","3B","TBR",,19,"25.05","35 / 40",60,40,"45 / 55","60 / 60","40 / 40","45 / 45",92,0.49,109,"40+","16593"
"Cooper Kinney","3B","TBR",,20,"18.4555555","25 / 55",40,55,"20 / 50","45 / 50","40 / 40","30 / 45",,,,"40+",
"Osleivis Basabe","SS","TBR",,22,"20.8888888","35 / 55",30,60,"30 / 40","45 / 50","60 / 60","30 / 45",90,0.42,,"40+","sa3006594"
"Carson Tucker","SS","CLE",,17,"19.525","20 / 45",40,40,"20 / 50","45 / 55","55 / 50","45 / 50",,,,"40+","sa3014470"
"Petey Halpin","CF","CLE",,20,"19.1861111","25 / 55",,60,"20 / 40","35 / 45","60 / 60","45 / 55",,,,"40+","sa3014461"
"Junior Sanquintin","SS","CLE",,22,"19.5694444","25 / 50",50,40,"25 / 50","45 / 55","55 / 50","40 / 50",84,0.28,102,"40+","sa3010863"
"Braden Shewmake","SS","ATL",,8,"23.7055555","35 / 55",45,60,"30 / 40","45 / 50","55 / 55","50 / 55",88,0.38,103,"40+","sa3010332"
"Gabriel Rodriguez","3B","CLE",,26,"19.4472222","20 / 40",40,30,"25 / 55","50 / 60","50 / 40","40 / 50",83,0.29,101,"40+","sa3008744"
"Spencer Schwellenbach","SS/MIRP","ATL",,10,"21.1138888","30 / 40",,,"30 / 40","40 / 40","50 / 50","40 / 45",,,,"40+",
"Casey Martin","SS","PHI",,13,"22.3222222","30 / 40",20,50,"35 / 50","55 / 60","80 / 80","35 / 45",,,,"40+","sa3014524"
"Yhoswar Garcia","CF","PHI",,15,"19.8888888","20 / 45",,,"20 / 55","50 / 60","70 / 70","40 / 55",,,,"40+","sa3015117"
"Jamari Baylor","2B","PHI",,16,"20.9944444","30 / 40",,,"30 / 45","50 / 55","55 / 55","40 / 50",,,,"40+","sa3011446"
"Coby Mayo","RF","BAL",,13,"19.6472222","25 / 55",45,55,"20 / 50","55 / 60","50 / 40","40 / 45",85,,102,"40+","sa3014479"
"Jahmai Jones","2B","BAL",,14,"23.9972222","40 / 50",45,50,"40 / 45","50 / 50","60 / 60","40 / 45",88,0.39,109,"40+","18872"
"Connor Norby","2B","BAL",,15,"21.0916666","35 / 55",45,55,"30 / 45","40 / 45","50 / 50","45 / 50",,,,"40+",
"Anthony Servideo","SS","BAL",,16,"22.3944444","30 / 50",55,45,"35 / 45","45 / 50","55 / 55","45 / 55",88,,104,"40+","sa3014472"
"Adam Hall","SS","BAL",,17,"22.1972222","30 / 45",45,50,"30 / 40","45 / 45","60 / 60","45 / 50",87,0.36,104,"40+","sa3005077"
"Reed Trimble","CF","BAL",,18,"21.0972222","30 / 45",30,50,"35 / 50","50 / 55","60 / 60","45 / 60",,,,"40+",
"Maximo Acosta","SS","TEX",,11,"18.7611111","25 / 60",,,"20 / 45","40 / 50","50 / 45","40 / 50",,,,"40+","sa3014711"
"Joe Mack","C","MIA",,17,"18.5388888","20 / 45",45,45,"20 / 50","50 / 60","45 / 40","30 / 50",,,,"40+",
"Aaron Zavala","3B","TEX",,12,"21.0472222","30 / 50",55,45,"30 / 55","55 / 60","40 / 40","30 / 40",,,,"40+",
"Osiris Johnson","3B","MIA",,18,"20.7916666","30 / 40",45,40,"35 / 50","55 / 60","50 / 40","40 / 50",87,,106,"40+","sa3008110"
"Evan Carter","CF","TEX",,13,"18.9277777","25 / 60",70,55,"20 / 30","40 / 45","60 / 60","45 / 55",,,,"40+","sa3014490"
"Adael Amador","SS","COL",,8,"18.3111111","20 / 45",45,40,"20 / 40","40 / 50","60 / 60","45 / 55",,,,"40+","sa3014682"
"Connor Scott","CF","MIA",,20,"21.8194444","30 / 45",50,50,"30 / 50","50 / 55","70 / 70","45 / 60",88,,105,"40+","sa3008080"
"Aaron Schunk","3B","COL",,10,"24.025","30 / 50",45,45,"30 / 45","55 / 55","45 / 45","50 / 55",88,,106,"40+","sa3009957"
"Yiddi Cappe","SS","MIA",,21,"18.9611111","20 / 50",,40,"20 / 50","45 / 55","55 / 55","45 / 50",,,,"40+","sa3015515"
"Marcus Smith","CF","TEX",,17,"20.8944444","30 / 50",40,55,"30 / 40","35 / 40","70 / 70","40 / 55",87,,,"40+","sa1169620"
"Ian Lewis","2B","MIA",,23,"18.4972222","20 / 45",,,"20 / 40","30 / 45","70 / 70","40 / 55",,,,"40+","sa3014691"
"Bayron Lora","LF","TEX",,18,"18.8444444","20 / 50",,,"25 / 60","60 / 70","40 / 30","40 / 50",,,,"40+","sa3014712"
"Monte Harrison","CF","MIA",,25,"25.9805555","30 / 30",50,30,"40 / 40","70 / 70","70 / 70","60 / 60",93,,113,"40+","17216"
"Dustin Harris","1B","TEX",,20,"22.0694444","35 / 55",55,60,"30 / 45","60 / 60","50 / 50","30 / 45",,,,"40+","sa3010279"
"Julio Carreras","SS","COL",,15,"21.5583333","30 / 45",45,40,"30 / 50","40 / 50","60 / 55","45 / 55",84,,101,"40+","sa3005598"
"Victor Mesa Jr.","CF","MIA",,26,"19.9027777","25 / 55",50,55,"25 / 40","45 / 50","50 / 50","45 / 55",85,,101,"40+","sa3010700"
"Jonathan Ornelas","SS","TEX",,21,"21.1861111","30 / 50",50,45,"30 / 40","45 / 50","55 / 50","45 / 55",89,,,"40+","sa3006909"
"Maikol Escotto","2B","PIT",,15,"19.1638888","20 / 45",55,40,"25 / 55","50 / 60","50 / 40","40 / 50",89,0.4,105,"40+","sa3008878"
"Canaan Smith-Njigba","LF","PIT",,19,"22.2583333","30 / 45",60,45,"35 / 55","60 / 60","40 / 40","40 / 45",,0.49,109,"40+","sa3004279"
"Lonnie, Jr. White","CF","PIT",,20,"18.5305555","20 / 45",45,40,"20 / 50","45 / 55","70 / 70","45 / 60",,,,"40+",
"Rodolfo Castro","2B","PIT",,21,"22.2","30 / 40",40,45,"30 / 50","50 / 55","55 / 50","45 / 50",89,0.43,104,"40+","21987"
"Rodolfo Nolasco","OF","PIT",,23,"19.8611111","25 / 50",50,50,"20 / 55","50 / 55","50 / 40","40 / 50",89,0.46,107,"40+","sa3008907"
"Jared Oliva","CF","PIT",,24,"25.6833333","40 / 40",55,45,"40 / 45","55 / 55","60 / 60","45 / 50",88,0.41,110,"40+","19968"
"Endy Rodriguez","C","PIT",,25,"21.2416666","35 / 60",55,55,"20 / 40","35 / 45","45 / 40","45 / 60",90,0.36,99,"40+","sa3008272"
"Mason Martin","1B","PIT",,26,"22.1694444","30 / 40",60,50,"35 / 60","70 / 70","45 / 45","35 / 45",91,0.47,109,"40+","sa3004885"
"Jake Guenther","1B","TEX",,41,"24.2138888","50 / 55",,60,"35 / 40","45 / 45","40 / 40","45 / 45",,,,"40","sa3011263"
"Thomas Saggese","2B","TEX",,42,"19.3111111","25 / 60",,,"20 / 30","30 / 40","45 / 40","40 / 45",,,,"40","sa3014503"
"Tucupita Marcano","2B","PIT",,34,"21.8805555","55 / 60",50,70,"20 / 30","30 / 30","60 / 60","50 / 50",82,,100,"40","22871"
"Keithron Moss","CF","TEX",,44,"19.9527777","30 / 50",50,60,"30 / 50","50 / 55","60 / 60","40 / 50",86,,,"40","sa3005599"
"Wenceel Perez","SS","DET",,14,"21.7583333","35 / 55",55,50,"30 / 30","40 / 40","60 / 60","40 / 50",84,0.2,100,"40","sa3003326"
"Trei Cruz","2B","DET",,15,"23.0777777","30 / 50",55,55,"30 / 40","40 / 40","50 / 50","40 / 50",85,,105,"40","sa3014420"
"Izaac Pacheco","3B","DET",,16,"18.6472222","20 / 50",45,40,"25 / 60","50 / 60","45 / 30","40 / 50",,,,"40",
"Carter Bins","C","PIT",,44,"23.2277777","30 / 40",50,30,"25 / 45","55 / 55","45 / 45","40 / 50",86,,105,"40","sa1115884"
"Brainer Bonaci","3B","BOS",,19,"19.0666666","25 / 55",40,60,"20 / 40","45 / 50","40 / 30","30 / 45",88,0.27,99,"40","sa3008836"
"Adinso Reyes","3B","DET",,17,"19.7805555","20 / 50",,,"25 / 50","50 / 55","50 / 45","40 / 50",89,0.41,107,"40","sa3008750"
"Sergio Campana","CF","PIT",,45,"19.3444444","20 / 45",45,45,"20 / 45","45 / 50","80 / 80","45 / 60",80,0.21,100,"40","sa3009834"
"Hudson Potts","3B","BOS",,20,"22.7638888","30 / 35",40,45,"45 / 50","70 / 70","40 / 40","40 / 45",89,0.42,112,"40","sa917936"
"Connor Wong","C","BOS",,21,"25.2055555","30 / 35",30,45,"40 / 45","50 / 50","50 / 50","45 / 50",88,0.39,106,"40","19896"
"Zack Short","SS","DET",,19,"26.1777777","35 / 40",60,40,"45 / 45","45 / 45","45 / 45","50 / 50",87,0.39,107,"40","19562"
"Jared Triolo","3B","PIT",,47,"23.4861111","30 / 50",55,50,"30 / 45","50 / 50","45 / 45","50 / 55",89,0.4,104,"40","sa3010272"
"Eduardo Lopez","CF","BOS",,22,"19.2361111","25 / 55",60,55,"20 / 40","40 / 50","55 / 55","45 / 60",84,0.19,100,"40","sa3009275"
"Roberto Campos","RF","DET",,20,"18.1361111","20 / 50",,,"25 / 55","55 / 60","45 / 40","40 / 50",,,,"40","sa3014683"
"Jack Herman","RF","PIT",,48,"21.8416666","30 / 40",50,40,"35 / 55","50 / 55","40 / 40","40 / 50",89,0.42,103,"40","sa3007877"
"Blaze Jordan","1B","BOS",,23,"18.6222222","25 / 55",50,55,"30 / 55","55 / 60","35 / 30","40 / 60",82,,103,"40","sa3014537"
"Bryant Packard","LF","DET",,21,"23.825","30 / 45",55,50,"35 / 55","55 / 55","30 / 30","35 / 40",86,0.3,106,"40","sa3010590"
"Lolo Sanchez","CF","PIT",,49,"22.2777777","35 / 50",40,55,"20 / 45","30 / 45","60 / 60","45 / 55",82,0.17,101,"40","sa917767"
"Juan Chacon","CF","BOS",,24,"18.6638888","20 / 50",,,"20 / 50","40 / 50","60 / 55","45 / 55",,,,"40","sa3014676"
"Gage Workman","3B","DET",,22,"21.775","30 / 40",50,40,"30 / 50","50 / 55","40 / 40","45 / 60",91,0.52,109,"40","sa3014441"
"Shalin Polanco","CF","PIT",,50,"16.4055555","20 / 50",,50,"20 / 50","40 / 50","40 / 40","40 / 50",,,,"40","sa3015699"
"Antonio Cabello","CF","TEX",,60,"20.7555555","35 / 55",50,55,"30 / 50","55 / 55","65 / 60","45 / 50",81,0.17,104,"40","sa3005600"
"Cameron Cannon","2B","BOS",,25,"23.7972222","35 / 55",55,50,"30 / 40","50 / 50","45 / 40","40 / 45",87,,102,"40","sa3011467"
"Colt Keith","SS","DET",,23,"19.9694444","25 / 55",,55,"25 / 50","45 / 50","40 / 35","40 / 50",,,,"40","sa3014474"
"Niko Kavadas","DH","BOS",,26,"22.7055555","35 / 45",60,40,"55 / 65","65 / 70","30 / 30","45 / 45",,,,"40",
"Nick Decker","RF","BOS",,27,"21.8361111","30 / 40",55,40,"35 / 50","55 / 60","50 / 45","40 / 50",87,0.29,101,"40","sa3008590"
"Daz Cameron","CF","DET",,26,"24.55","35 / 40",60,40,"40 / 45","50 / 50","50 / 50","50 / 55",88,0.39,109,"40","18353"
"Ryan Kreidler","3B","DET",,29,"23.725","35 / 55",50,50,"30 / 40","45 / 45","45 / 45","45 / 50",86,0.31,102,"40","sa3010587"
"Matthew Lugo","SS","BOS",,32,"20.2333333","30 / 45",45,50,"30 / 40","40 / 50","55 / 55","45 / 50",80,0.13,97,"40","sa1169598"
"Kody Clemens","2B","DET",,30,"25.2166666","30 / 40",45,45,"40 / 45","55 / 55","40 / 40","40 / 40",89,0.38,104,"40","sa3008002"
"Freddy Valdez","RF","BOS",,33,"19.6583333","25 / 50",,,"20 / 55","50 / 55","40 / 30","40 / 45",85,,101,"40","sa3009190"
"Jack Kenley","2B","DET",,31,"23.8194444","35 / 55",50,45,"30 / 40","45 / 50","50 / 50","45 / 50",82,0.23,101,"40","sa3010718"
"Bryan Gonzalez","RF","BOS",,34,"19.875","20 / 45",50,40,"25 / 55","50 / 60","40 / 30","35 / 45",87,0.43,102,"40","sa3008805"
"Miguel Bleis","RF","BOS",,36,"17.4222222","20 / 40",,40,"20 / 50","45 / 60","50 / 50","40 / 50",,,,"40",
"Eduarqui Fernandez","RF","MIL",,23,"19.7027777","20 / 40",30,45,"25 / 50","55 / 60","50 / 50","40 / 50",,,,"40","sa3008749"
"Carlos Rodriguez","CF","MIL",,25,"20.6555555","35 / 60",30,60,"20 / 30","30 / 40","70 / 70","55 / 60",86,,97,"40","sa3005478"
"Joey Wiemer","RF","MIL",,26,"22.4777777","30 / 35",40,40,"35 / 55","60 / 70","55 / 50","40 / 50",94,,110,"40","sa3014531"
"Kevin Smith","SS","TOR",,13,"25.0805555","30 / 35",45,30,"45 / 50","55 / 55","55 / 55","40 / 45",89,0.41,106,"40","sa915864"
"Victor Acosta","SS","SDP",,8,"17.1472222","20 / 50",,30,"20 / 30","30 / 40","60 / 60","45 / 60",,,,"40","sa736917"
"Victor Acosta","SS","SDP",,8,"17.1472222","20 / 50",,30,"20 / 30","30 / 40","60 / 60","45 / 60",,,,"40","sa736917"
"Estiven Machado","2B","TOR",,14,"18.8305555","25 / 60",,,"20 / 30","30 / 40","55 / 55","45 / 60",,,,"40","sa3014715"
"Felix Valerio","2B","MIL",,28,"20.6027777","35 / 60",,60,"30 / 35","30 / 40","40 / 40","30 / 40",,,,"40","sa3005613"
"Brandon Valenzuela","C","SDP",,9,"20.8361111","30 / 45",,,"30 / 45","45 / 50","30 / 30","40 / 50",,,,"40","sa3005729"
"Hayden Cantrelle","2B","MIL",,29,"22.6888888","30 / 40",40,55,"30 / 45","45 / 50","60 / 60","35 / 45",80,,98,"40","sa3014426"
"James Wood","1B","SDP",,10,"18.8166666","20 / 45",40,40,"25 / 60","60 / 70","30 / 20","30 / 40",,,,"40",
"Joshua Mears","LF","SDP",,11,"20.4638888","30 / 40",40,40,"35 / 60","70 / 70","50 / 40","40 / 50",85,,111,"40","sa3010162"
"Jackson Merrill","SS","SDP",,12,"18.2277777","20 / 50",45,45,"20 / 40","40 / 50","40 / 35","40 / 55",,,,"40",
"Nerwilian Cedeno","2B","SDP",,13,"19.3805555","25 / 60",,60,"20 / 45","30 / 40","55 / 55","40 / 50",,,,"40","sa3010026"
"Leo Jimenez","SS","TOR",,19,"20.2111111","25 / 55",45,55,"20 / 30","40 / 45","50 / 50","45 / 55",83,0.13,98,"40","sa3006891"
"Charlis Aquino","SS","SDP",,14,"19.7083333","20 / 50",,,"20 / 40","30 / 50","40 / 50","45 / 55",77,,96,"40","sa3008895"
"Manuel Beltre","SS","TOR",,20,"17.15","25 / 55",,55,"20 / 40","40 / 45","55 / 55","45 / 50",,,,"40","sa3015710"
"Max Ferguson","2B","SDP",,17,"21.8833333","35 / 60",60,60,"30 / 45","45 / 50","55 / 55","45 / 55",,,,"40",
"Dasan Brown","CF","TOR",,23,"19.8555555","20 / 45",45,50,"20 / 35","40 / 45","80 / 80","40 / 60",,,97,"40","sa3011717"
"Otto Lopez","2B","TOR",,24,"22.8388888","35 / 55",40,60,"20 / 30","40 / 45","60 / 60","40 / 45",85,0.27,103,"40","sa3004268"
"Will Robertson","RF","TOR",,26,"23.6027777","35 / 50",45,45,"30 / 50","60 / 60","40 / 35","40 / 50",87,0.3,102,"40","sa3009879"
"Euribiel Angeles","3B","SDP",,23,"19.2277777","25 / 55",,55,"20 / 45","40 / 45","50 / 50","40 / 50",,,,"40","sa3008877"
"Jordan Brewer","CF","HOU",,14,"24.0055555","30 / 40",45,40,"30 / 50","55 / 55","70 / 70","40 / 50",91,,108,"40","sa3011737"
"Eguy Rosario","2B","SDP",,24,"21.9388888","35 / 55",50,55,"30 / 35","40 / 40","50 / 40","45 / 50",86,,103,"40","sa917140"
"Grae Kessinger","SS","HOU",,16,"23.9388888","35 / 45",55,45,"30 / 35","45 / 45","50 / 50","50 / 50",86,,102,"40","sa3010327"
"Dauri Lorenzo","SS","HOU",,17,"18.7611111","25 / 55",,,"25 / 45","40 / 50","50 / 50","45 / 50",,,,"40","sa3014685"
"Zach Daniels","CF","HOU",,18,"22.5277777","30 / 35",,,"35 / 60","70 / 70","60 / 60","40 / 55",,,,"40","sa3014935"
"Alerick Soularie","2B","MIN",,20,"22.0777777","30 / 45",,,"35 / 50","50 / 55","55 / 55","45 / 55",87,,103,"40","sa3014436"
"Emmanuel Rodriguez","CF","MIN",,22,"18.425","25 / 55",,,"25 / 50","45 / 55","50 / 50","40 / 50",,,,"40","sa3014693"
"Ben Rortvedt","C","MIN",,26,"23.8555555","30 / 40",55,50,"30 / 40","50 / 50","30 / 30","40 / 45",86,0.35,103,"40","20287"
"Spencer Steer","2B","MIN",,27,"23.6555555","35 / 50",50,55,"30 / 45","50 / 50","50 / 45","45 / 50",87,0.3,101,"40","sa3010586"
"Daylen Lile","OF","WSN",,15,"18.6138888","25 / 55",,,"20 / 45","45 / 40","45 / 40","40 / 50",,,,"40",
"Edouard Julien","LF","MIN",,28,"22.2583333","30 / 40",55,45,"35 / 55","55 / 55","40 / 40","40 / 45",88,,103,"40","sa3014445"
"Israel Pineda","C","WSN",,16,"21.3333333","30 / 40",40,40,"35 / 45","45 / 50","30 / 20","40 / 45",85,,106,"40","sa3004385"
"Ethan Hearn","C","CHC",,31,"20.925","30 / 35",,,"30 / 40","50 / 50","40 / 30","45 / 55",87,,106,"40","sa3011502"
"Zach DeLoach","CF","SEA",,14,"22.9583333","30 / 50",,,"30 / 50","50 / 50","60 / 55","40 / 50",,,,"40","sa3014547"
"Sammy Infante","2B","WSN",,18,"20.1138888","30 / 50",,,"30 / 50","50 / 55","50 / 40","30 / 45",,,,"40","sa3014717"
"T.J. White","CF","WSN",,19,"17.9666666","20 / 40",,,"25 / 55","55 / 60","50 / 50","40 / 50",,,,"40",
"Kaden Polcovich","2B","SEA",,16,"22.45","30 / 45",,,"30 / 45","50 / 50","60 / 60","30 / 45",,,,"40","sa3014496"
"Riley Adams","C","WSN",,20,"25.1027777","30 / 35",45,40,"40 / 50","60 / 60","30 / 30","40 / 45",87,0.37,108,"40","19864"
"Danny De Andrade","SS","MIN",,33,"17.3138888","25 / 50",,50,"20 / 40","30 / 45","50 / 50","40 / 50",,,,"40","sa3015698"
"Armando Cruz","SS","WSN",,21,"17.5472222","20 / 45",,20,"20 / 30","20 / 30","55 / 55","50 / 70",,,,"40","sa3015695"
"Yohendrick Pinango","LF","CHC",,36,"19.2388888","25 / 55",50,55,"20 / 40","50 / 55","60 / 50","40 / 50",87,,105,"40","sa3009539"
"Will Holland","2B","MIN",,34,"23.2916666","30 / 40",50,40,"30 / 45","50 / 50","70 / 70","30 / 40",83,0.25,103,"40","sa3011204"
"Jonatan Clase","CF","SEA",,20,"19.1944444","25 / 55",60,50,"20 / 40","40 / 45","70 / 70","45 / 60",81,,97,"40","sa3008787"
"Drew Mendoza","1B","WSN",,24,"23.8138888","30 / 30",70,40,"45 / 55","60 / 70","45 / 40","40 / 45",95,,107,"40","sa3011256"
"Milkar Perez","3B","SEA",,21,"19.7972222","25 / 55",55,50,"20 / 45","45 / 50","40 / 30","40 / 50",89,,102,"40","sa3008883"
"Rafael Morel","SS","CHC",,41,"19.6972222","20 / 50",45,55,"20 / 45","40 / 45","50 / 50","40 / 50",86,,104,"40","sa3009534"
"Wilmin Candelario","SS","KCR",,20,"19.8944444","20 / 40",30,45,"20 / 50","45 / 55","60 / 60","40 / 55",81,,99,"40","sa3008834"
"Alberto Rodriguez","LF","SEA",,26,"20.825","25 / 55",50,45,"25 / 50","45 / 50","45 / 40","40 / 45",88,,105,"40","sa3005603"
"Alberto Rodriguez","LF","SEA",,26,"20.825","25 / 55",50,45,"25 / 50","45 / 50","45 / 40","40 / 45",88,,105,"40","sa3005603"
"Fabian Pertuz","3B","CHC",,45,"20.9222222","30 / 45",35,55,"30 / 45","45 / 45","50 / 50","40 / 50",84,,102,"40","sa3005500"
"Tyler Gentry","RF","KCR",,21,"22.5055555","30 / 45",40,50,"35 / 50","50 / 55","55 / 55","50 / 55",89,,107,"40","sa3014485"
"Darryl Collins","LF","KCR",,24,"19.7138888","25 / 55",45,55,"20 / 40","40 / 45","50 / 50","40 / 50",82,,100,"40","sa3010154"
"Daniel Vasquez","SS","KCR",,25,"17.325","20 / 45",,,"20 / 50","35 / 50","55 / 55","35 / 45",,,,"40",
"Peyton Wilson","2B","KCR",,27,"21.6694444","30 / 45",50,40,"35 / 45","40 / 50","70 / 70","55 / 55",,,,"40",
"Shervyen Newton","SS","NYM",,10,"22.275","30 / 40",50,30,"30 / 50","55 / 70","50 / 50","40 / 50",87,,103,"40","sa917119"
"Jaylen Palmer","3B","NYM",,11,"21.0083333","30 / 40",45,30,"35 / 50","50 / 60","50 / 40","40 / 45",91,,104,"40","sa3008297"
"Lucius Fox","SS","KCR",,30,"24.0861111","40 / 50",55,55,"30 / 30","40 / 40","70 / 70","45 / 50",88,,105,"40","sa914200"
"Michael Massey","2B","KCR",,33,"23.3638888","35 / 55",40,55,"45 / 40","45 / 50","50 / 50","45 / 55",86,,105,"40","sa1115910"
"Carter Jensen","C","KCR",,34,"18.0222222","20 / 40",,,"25 / 50","45 / 50","30 / 30","30 / 45",,,,"40",
"Maikel Garcia","SS","KCR",,36,"21.4166666","30 / 40",40,60,"20 / 30","30 / 40","55 / 55","50 / 60",86,,100,"40","sa3003246"
"Brewer Hicklen","LF","KCR",,37,"25.4833333","35 / 40",45,40,"40 / 45","55 / 55","70 / 70","50 / 55",89,,106,"40","sa3004159"
"Travis Blankenhorn","2B","NYM",,20,"25","45 / 50",50,40,"40 / 45","55 / 55","40 / 40","40 / 40",91,0.51,106,"40","18395"
"Carlos Cortes","2B","NYM",,21,"24.0916666","40 / 45",50,60,"45 / 50","55 / 55","40 / 40","20 / 30",88,,102,"40","sa3008079"
"Jimmy Glowenke","2B","SFG",,25,"22.1611111","35 / 60",60,60,"30 / 35","45 / 45","40 / 40","40 / 45",,,,"40","sa3014548"
"Bryan Ramos","3B","CHW",,13,"19.3916666","20 / 50",45,45,"25 / 50","50 / 55","50 / 45","40 / 50",86,0.33,106,"40","sa3010024"
"Luis Gonzalez","RF","CHW",,15,"25.8972222","50 / 55",45,55,"30 / 30","45 / 45","55 / 55","45 / 50",87,0.31,103,"40","20332"
"Dilan Rosario","SS","SFG",,30,"20.1305555","20 / 40",40,40,"25 / 50","50 / 55","60 / 55","30 / 40",86,0.28,104,"40","sa3010165"
"Blake Rutherford","LF","CHW",,16,"24.2527777","40 / 45",50,45,"45 / 50","50 / 50","50 / 50","50 / 50",87,0.46,106,"40","sa917932"
"Aeverson Arteaga","SS","SFG",,31,"18.3805555","20 / 50",,,"20 / 40","30 / 45","60 / 55","45 / 60",,,,"40","sa3014707"
"Yolbert Sanchez","SS","CHW",,17,"24.4166666","30 / 45",,,"30 / 35","45 / 45","60 / 60","50 / 55",89,0.26,101,"40","sa3011471"
"Lenyn Sosa","2B","CHW",,19,"21.5222222","35 / 55",30,55,"30 / 45","45 / 55","40 / 30","30 / 40",86,0.27,102,"40","sa3004051"
"Grant McCray","CF","SFG",,34,"20.6555555","30 / 55",55,50,"30 / 40","40 / 50","60 / 60","45 / 50",89,0.37,104,"40","sa3010042"
"Seby Zavala","C","CHW",,20,"27.9305555","30 / 30",50,35,"40 / 45","55 / 55","30 / 30","50 / 50",87,0.4,104,"40","18887"
"P.J. Hilson","CF","SFG",,35,"20.9388888","20 / 35",40,30,"35 / 45","50 / 55","70 / 70","45 / 55",87,0.38,107,"40","sa3007048"
"James Beard","CF","CHW",,21,"20.8583333","20 / 40",,,"20 / 35","30 / 40","80 / 80","40 / 70",82,0.25,102,"40","sa3010038"
"Trey Sweeney","3B","NYY",,17,"21.275","35 / 50",60,50,"40 / 55","55 / 60","40 / 40","50 / 50",,,,"40",
"Gavin Sheets","1B","CHW",,23,"25.2777777","45 / 50",50,55,"45 / 50","70 / 70","30 / 30","40 / 50",88,0.4,110,"40","19901"
"Ryder Green","RF","NYY",,18,"21.2444444","30 / 40",55,40,"35 / 55","65 / 70","55 / 50","45 / 50",89,0.49,108,"40","sa3007875"
"Anthony Seigler","C","NYY",,19,"22.1194444","35 / 55",60,50,"30 / 35","45 / 45","45 / 40","50 / 55",85,0.19,99,"40","sa3006894"
"Josh Breaux","C","NYY",,22,"23.8222222","30 / 40",,40,"30 / 55","70 / 70","30 / 30","40 / 45",91,0.54,108,"40","sa3008051"
"Anthony Garcia","RF","NYY",,24,"20.9111111","30 / 40",50,45,"35 / 60","70 / 80","50 / 40","40 / 45",88,,107,"40","sa3005924"
"Marcos Cabrera","3B","NYY",,26,"19.8138888","25 / 50",45,50,"25 / 50","45 / 55","50 / 45","45 / 50",88,0.34,100,"40","sa3008890"
"Denzer Guzman","2B","LAA",,16,"17.4861111","25 / 50",,40,"20 / 40","40 / 50","45 / 40","40 / 50",,,,"40","sa3015711"
"Orlando Martinez","LF","LAA",,21,"23.4611111","40 / 50",40,55,"40 / 45","50 / 50","45 / 45","55 / 55",87,,105,"40","sa3006664"
"Livan Soto","SS","LAA",,23,"21.1138888","35 / 45",50,65,"30 / 30","35 / 40","55 / 55","50 / 55",80,,94,"40","sa3004264"
"Werner Blakely","3B","LAA",,24,"19.45","20 / 40",,,"20 / 50","40 / 60","45 / 40","35 / 55",,,,"40","sa3014502"
"Ryan Holgate","RF","STL",,17,"21.0916666","30 / 45",,,"35 / 55","55 / 60","40 / 40","40 / 45",,,,"40",
"Jackson Miller","C","CIN",,16,"19.5833333","20 / 40",,40,"25 / 45","40 / 50","40 / 30","30 / 45",,,97,"40","sa3014529"
"Justin Williams","LF","STL",,20,"25.9527777","55 / 55",40,45,"40 / 40","60 / 60","40 / 40","40 / 40",92,,110,"40","15490"
"Alec Burleson","RF","STL",,21,"22.6888888","35 / 55",35,60,"30 / 40","50 / 50","30 / 30","30 / 45",,,,"40","sa3014466"
"Juan Yepez","1B","STL",,22,"23.4555555","40 / 45",40,45,"40 / 50","60 / 60","40 / 40","40 / 45",89,,107,"40","sa877505"
"Jose Torres","SS","CIN",,21,"21.7861111","30 / 40",30,35,"30 / 45","45 / 50","60 / 60","40 / 55",,,102,"40",
"Malcom Nunez","1B","STL",,23,"20.4","35 / 45",45,50,"30 / 50","55 / 55","30 / 20","30 / 40",90,,106,"40","sa3008113"
"Allan Cerda","RF","CIN",,22,"21.6916666","30 / 40",55,40,"35 / 55","50 / 60","50 / 50","40 / 50",89,0.44,106,"40","sa3005504"
"TJ Friedl","CF","CIN",,24,"25.9694444","45 / 55",60,50,"30 / 35","40 / 40","70 / 70","50 / 55",84,0.24,103,"40","sa943754"
"Leonardo Rivas","2B","CIN",,25,"23.8138888","35 / 50",60,50,"20 / 30","35 / 40","70 / 70","45 / 50",86,,101,"40","sa872542"
"Ryan Bliss","2B","ARI",,25,"21.5777777","35 / 50",,,"30 / 40","45 / 45","55 / 55","40 / 50",,,,"40","sa3016951"
"Logan Davidson","SS","OAK",,10,"23.6305555","30 / 40",50,50,"30 / 40","55 / 55","50 / 50","50 / 50",86,,,"40","sa918676"
"Stuart Fairchild","CF","ARI",,26,"25.3777777","40 / 45",50,55,"35 / 45","50 / 50","55 / 55","50 / 50",88,0.38,105,"40","20321"
"Jeferson Espinal","CF","ARI",,27,"19.1555555","20 / 50",40,40,"20 / 40","40 / 45","60 / 60","45 / 60",81,0.1,97,"40","sa3008793"
"Denzel Clarke","CF","OAK",,12,"21.1944444","30 / 40",,,"30 / 55","60 / 70","55 / 50","40 / 50",,,,"40",
"Cooper Hummel","C","ARI",,28,"26.6805555","50 / 50",55,55,"35 / 40","45 / 45","40 / 40","30 / 30",,,,"40","sa918412"
"Robert Puason","SS","OAK",,13,"18.8944444","20 / 40",40,30,"20 / 45","45 / 60","50 / 50","45 / 55",,,,"40","sa3014697"
"Andrew Young","2B","ARI",,30,"27.2305555","45 / 45",50,40,"45 / 50","55 / 55","40 / 40","40 / 40",88,0.44,108,"40","19521"
"Zack Gelof","3B","OAK",,14,"21.7277777","35 / 55",,,"30 / 50","50 / 50","40 / 40","55 / 60",,,,"40",
"Alvin Guzman","CF","ARI",,31,"19.7861111","20 / 40",35,30,"20 / 50","45 / 55","60 / 60","40 / 55",87,0.3,101,"40","sa3008748"
"Neyfy Castillo","1B","ARI",,33,"20.4194444","30 / 40",35,55,"35 / 55","50 / 60","45 / 40","40 / 50",89,0.44,107,"40","sa3005544"
"Luis Barrera","CF","OAK",,17,"25.7166666","40 / 40",35,45,"30 / 35","50 / 50","70 / 70","45 / 45",85,,,"40","19615"
"Kyle McCann","1B","OAK",,18,"23.6694444","30 / 40",40,40,"35 / 50","60 / 60","30 / 30","40 / 45",91,,,"40","sa1159677"
"Michael Guldberg","CF","OAK",,22,"22.1138888","35 / 50",50,50,"30 / 40","40 / 40","60 / 60","45 / 55",,,,"40","sa3014822"
"Jorbit Vivas","2B","LAD",,21,"20.4","35 / 55",45,55,"25 / 45","35 / 40","45 / 45","40 / 50",84,0.28,103,"40","sa3005511"
"Alika Williams","SS","TBR",,23,"22.3916666","35 / 55",,60,"20 / 30","35 / 40","60 / 60","50 / 60",,,,"40","sa3014427"
"Pedro Martinez","2B","TBR",,25,"20.5138888","35 / 50",55,55,"30 / 50","45 / 50","45 / 40","40 / 50",86,0.27,100,"40","sa3005795"
"Jake Vogel","CF","LAD",,25,"19.8083333","25 / 50",,55,"20 / 35","40 / 45","70 / 70","45 / 60",,,,"40","sa3014473"
"Curtis Mead","LF","TBR",,29,"20.7694444","25 / 50",40,50,"20 / 50","45 / 55","45 / 40","40 / 50",89,0.35,103,"40","sa3008392"
"James Outman","CF","LAD",,30,"24.2194444","30 / 40",50,40,"40 / 50","50 / 55","60 / 60","50 / 55",89,0.37,106,"40","sa3007312"
"Zach Reks","DH","LAD",,31,"27.725","45 / 45",55,50,"45 / 50","55 / 55","45 / 45","30 / 30",91,0.49,107,"40","19667"
"Tanner Dodson","SIRP/CF","TBR",,32,"24.2333333","35 / 55",45,50,"30 / 30","40 / 40","60 / 60","40 / 45",,,103,"40","sa3007008"
"Brandon Lewis","1B","LAD",,32,"22.7777777","30 / 50",45,45,"30 / 50","55 / 55","30 / 30","35 / 45",89,0.39,107,"40","sa3010035"
"Tyler Frank","2B","TBR",,33,"24.55","35 / 55",55,55,"30 / 40","45 / 45","50 / 50","45 / 50",86,,107,"40","sa3006660"
"Abiezel Ramirez","SS","TBR",,34,"21.5194444","35 / 50",50,55,"30 / 45","50 / 55","60 / 60","40 / 50",89,0.45,100,"40","sa3003282"
"Isaiah Greene","CF","CLE",,27,"19.9277777","20 / 45",,45,"25 / 50","45 / 55","60 / 60","40 / 55",,,,"40","sa3014460"
"Luis Rodriguez","CF","LAD",,36,"22.8805555","25 / 55",,,"20 / 45","35 / 45","55 / 55","45 / 55",,,,"40","sa3014689"
"Omar Estevez","2B","LAD",,37,"23.4388888","45 / 55",50,55,"40 / 45","50 / 50","30 / 30","35 / 40",88,0.41,107,"40","sa914242"
"Vaughn Grissom","SS","ATL",,13,"20.5777777","20 / 45",45,45,"25 / 50","50 / 55","50 / 50","40 / 50",84,0.25,103,"40","sa3010711"
"Richard Palacios","DH","CLE",,30,"24.2138888","35 / 60",60,60,"30 / 30","40 / 40","60 / 60","45 / 50",,,,"40","sa3006908"
"Trey Harris","LF","ATL",,14,"25.55","35 / 45",40,50,"40 / 50","55 / 55","45 / 45","45 / 50",90,0.44,107,"40","sa3006876"
"Jose Tena","SS","CLE",,31,"20.3694444","25 / 55",20,60,"20 / 40","40 / 45","55 / 55","40 / 50",85,0.24,106,"40","sa3005482"
"Jesse Franklin V","CF","ATL",,17,"22.6722222","30 / 45",50,45,"35 / 50","50 / 55","50 / 50","40 / 45",89,,105,"40","sa3014532"
"Ambioris Tavarez","3B","ATL",,18,"17.725","20 / 45",,40,"20 / 55","45 / 55","45 / 40","40 / 50",,,,"40",
"Jose Fermin","SS","CLE",,36,"22.3444444","35 / 60",45,70,"20 / 30","30 / 35","55 / 55","50 / 55",84,0.28,98,"40","sa917339"
"Nick Maton","SS","PHI",,17,"24.4583333","35 / 40",55,35,"40 / 45","45 / 45","55 / 55","50 / 50",87,0.28,103,"40","21635"
"Cal Conley","DH","ATL",,20,"21.9833333","30 / 45",,,"35 / 50","55 / 55","40 / 40","30 / 40",,,,"40",
"Milan Tolentino","SS","CLE",,38,"19.7111111","25 / 50",,60,"20 / 30","30 / 40","55 / 55","45 / 60",,,,"40","sa3014544"
"Mickey Moniak","CF","PHI",,19,"23.2222222","50 / 55",35,55,"30 / 40","45 / 45","55 / 55","50 / 50",88,0.36,106,"40","19956"
"Angel Genao","SS","CLE",,40,"17.2055555","20 / 50",,30,"20 / 45","35 / 45","50 / 50","35 / 45",,,,"40","sa3015706"
"Cristian Santana","3B","LAD",,51,"24.4416666","30 / 45",20,60,"40 / 55","60 / 65","40 / 40","50 / 60",90,0.49,109,"40","sa829387"
"Cristian Santana","3B","LAD",,51,"24.4416666","30 / 45",20,60,"40 / 55","60 / 65","40 / 40","50 / 60",90,0.49,109,"40","sa829387"
"Jhailyn Ortiz","1B","PHI",,30,"22.7083333","30 / 40",35,45,"35 / 60","70 / 70","40 / 30","35 / 40",88,0.36,110,"40","sa920180"
"Rodolfo Duran","C","PHI",,31,"23.4555555","35 / 45",35,50,"35 / 40","50 / 50","40 / 40","50 / 55",89,,107,"40","sa877500"
"Tyler Nevin","1B","BAL",,19,"24.1777777","50 / 55",50,60,"40 / 45","50 / 50","35 / 35","40 / 45",89,0.42,105,"40","17893"
"Yusniel Diaz","RF","BAL",,22,"24.8222222","45 / 50",55,55,"40 / 45","50 / 50","40 / 40","50 / 55",88,0.37,109,"40","sa912848"
"Rylan Bannon","3B","BAL",,23,"25.2805555","50 / 50",55,60,"40 / 45","45 / 45","50 / 50","40 / 40",86,0.33,105,"40","sa3004162"
"Donta Williams","CF","BAL",,24,"22.0305555","35 / 55",,,"30 / 35","40 / 40","60 / 60","55 / 60",,,,"40",
"Hudson Haskin","CF","BAL",,25,"22.5916666","35 / 55",55,60,"30 / 40","50 / 50","60 / 60","45 / 55",87,,109,"40","sa3014449"
"Darell Hernaiz","SS","BAL",,28,"20","25 / 50",50,50,"20 / 45","45 / 55","50 / 45","40 / 50",84,,104,"40","sa3011309"
"Ezequiel Tovar","SS","COL",,16,"20.0055555","25 / 55",40,40,"20 / 30","30 / 40","55 / 55","50 / 60",82,,102,"40","sa3008239"
"Elehuris Montero","3B","COL",,17,"22.9611111","30 / 40",30,55,"35 / 50","55 / 60","30 / 30","40 / 45",88,,106,"40","sa872477"
"Bryan De La Cruz","RF","MIA",,28,"24.6305555","",40,55,"","","50 / 50","50 / 50",,,,"40","19600"
"Jameson Hannah","LF","COL",,18,"23.9805555","45 / 55",45,60,"30 / 35","45 / 45","60 / 60","45 / 60",87,,104,"40","sa3007046"
"Eddy Diaz","2B","COL",,20,"21.4694444","35 / 55",45,55,"30 / 40","40 / 45","60 / 60","45 / 50",87,,105,"40","sa3004979"
"Payton Henry","C","MIA",,31,"24.1083333","30 / 35",50,40,"40 / 45","60 / 60","30 / 30","40 / 45",89,,106,"40","sa918019"
"Jose Devers","2B","MIA",,32,"21.6555555","50 / 60",45,60,"20 / 20","35 / 40","60 / 60","50 / 55",81,,100,"40","20540"
"Yonny Hernandez","SS","TEX",,27,"23.2472222","50 / 60",60,60,"20 / 20","30 / 30","60 / 60","50 / 55",82,,,"40","sa872473"
"Grant Lavigne","1B","COL",,24,"21.9333333","30 / 40",55,40,"35 / 50","50 / 60","40 / 30","40 / 50",86,,107,"40","sa3007743"
"Luisangel Acuna","2B","TEX",,30,"19.3916666","25 / 50",,,"20 / 40","40 / 45","55 / 55","40 / 45",,,,"40","sa3008765"
"Griffin Conine","RF","MIA",,36,"24.0611111","30 / 35",55,30,"35 / 60","70 / 70","45 / 40","45 / 50",94,,112,"40","sa876060"
"Trevor Hauver","2B","TEX",,31,"22.7027777","30 / 40",70,45,"35 / 50","50 / 50","40 / 40","30 / 40",,,,"40","sa3014448"
"David Garcia","C","TEX",,32,"21.4916666","35 / 55",55,55,"30 / 40","40 / 45","30 / 30","45 / 55",87,,,"40","sa3003197"
"Mateo Gil","SS","COL",,27,"21.025","30 / 40",,,"30 / 40","45 / 50","50 / 50","45 / 50",88,,106,"40","sa3007050"
"Ian Moller","C","TEX",,34,"18.7083333","25 / 55",40,35,"20 / 50","45 / 50","40 / 40","30 / 50",,,,"40",
"Sherten Apostel","1B","TEX",,35,"22.3944444","35 / 40",70,45,"45 / 50","60 / 60","30 / 30","40 / 45",92,,,"40","21794"
"Yosy Galan","OF","TEX",,36,"20.2722222","20 / 40",,,"25 / 60","70 / 80","50 / 50","30 / 45",,,,"40","sa3015202"
"Ronaiker Palma","C","COL",,34,"21.5861111","35 / 55",40,60,"30 / 35","30 / 40","40 / 40","45 / 60",79,,96,"35+","sa3005624"
"Yoelvis Sanchez","CF","MIA",,45,"19.2666666","20 / 45",,,"20 / 40","35 / 45","60 / 60","40 / 55",,,,"35+","sa3008777"
"Tanner Allen","LF","MIA",,46,"23.1","30 / 40",30,55,"35 / 50","50 / 50","40 / 40","35 / 40",,,,"35+",
"Cristhian Rodriguez","3B","MIA",,47,"19.6111111","20 / 50",40,40,"20 / 50","45 / 55","40 / 35","40 / 50",83,,99,"35+","sa3008785"
"Dalvy Rosario","SS","MIA",,48,"21.0305555","30 / 40",40,45,"30 / 35","40 / 45","55 / 55","45 / 55",83,,103,"35+","sa3005712"
"Will Banfield","C","MIA",,49,"21.7083333","30 / 40",50,40,"35 / 50","55 / 55","50 / 45","45 / 55",86,,104,"35+","sa3007973"
"Nick Fortes","C","MIA",,50,"24.7277777","40 / 50",55,55,"30 / 35","40 / 40","40 / 40","45 / 50",88,,102,"35+","sa3006714"
"Tristan Pompey","LF","MIA",,52,"24.3611111","30 / 35",55,40,"30 / 50","60 / 60","45 / 40","40 / 45",90,,108,"35+","sa3008077"
"Jeferson Tineo","SS","TEX",,48,"17.8138888","25 / 55",,,"20 / 30","20 / 40","60 / 60","50 / 60",,,,"35+","sa3015726"
"Cameron Cauley","SS","TEX",,49,"18.4305555","25 / 55",,,"20 / 30","30 / 35","60 / 60","45 / 60",,,,"35+",
"Victor Victor Mesa","CF","MIA",,55,"25.0361111","40 / 40",30,55,"30 / 30","50 / 50","60 / 60","60 / 60",87,,102,"35+","sa3008602"
"DJ Peters","CF","TEX",,50,"25.6416666","30 / 35",50,40,"45 / 55","70 / 70","60 / 50","45 / 50",89,0.42,110,"35+","19348"
"Diowill Burgos","DH","MIA",,56,"20.5111111","35 / 55",50,45,"35 / 50","50 / 55","30 / 30","30 / 30",89,,107,"35+","sa3005740"
"Cody Freeman","C","TEX",,52,"20.5777777","35 / 50",,,"20 / 30","35 / 40","40 / 30","20 / 45",,,,"35+","sa3010153"
"Chris Seise","SS","TEX",,54,"22.575","30 / 30",,,"40 / 50","70 / 70","50 / 50","45 / 50",,,,"35+","sa3004142"
"Kenen Irizarry","2B","TEX",,57,"21.2416666","35 / 55",,,"30 / 35","40 / 40","45 / 45","40 / 45",,,,"35+","sa3007310"
"Anderson Tejeda","SS","TEX",,58,"23.2555555","20 / 20",50,35,"35 / 45","60 / 60","60 / 60","50 / 50",89,,,"35+","19909"
"Bubba Thompson","CF","TEX",,61,"23.15","30 / 35",40,30,"30 / 45","50 / 55","60 / 60","45 / 50",89,,,"35+","sa3004140"
"Yohel Pozo","C","TEX",,62,"24.1361111","50 / 55",30,70,"30 / 30","50 / 50","20 / 20","40 / 40",89,,,"35+","sa828445"
"Pedro Gonzalez","CF","TEX",,63,"23.7666666","30 / 30",45,40,"40 / 50","60 / 60","55 / 50","45 / 50",89,,,"35+","sa872568"
"Alexander Mojica","1B","PIT",,54,"19.0027777","25 / 55",55,55,"25 / 55","55 / 60","20 / 20","35 / 40",89,0.38,105,"35+","sa3008889"
"Zion Bannister","CF","TEX",,65,"19.9","20 / 40",,,"20 / 45","45 / 55","60 / 60","30 / 50",,,,"35+","sa3011828"
"Matt Gorski","RF","PIT",,58,"23.6138888","30 / 40",45,40,"30 / 50","50 / 50","55 / 55","45 / 55",88,0.33,104,"35+","sa3010399"
"Curtis Terry","1B","TEX",,68,"24.825","50 / 50",45,55,"40 / 45","50 / 50","20 / 20","35 / 40",,,,"35+","18881"
"Jackson Glenn","2B","PIT",,59,"23.7138888","35 / 50",,,"30 / 40","45 / 45","40 / 40","40 / 45",,,,"35+",
"Diosbel Arias","3B","TEX",,69,"25.0333333","40 / 50",50,50,"30 / 40","45 / 45","50 / 50","50 / 55",87,,,"35+","sa3005308"
"Luis Tejeda","3B","PIT",,60,"18.9361111","20 / 50",50,45,"25 / 50","45 / 55","40 / 40","40 / 45",86,0.29,101,"35+","sa3008913"
"Osvaldo Gavilan","CF","PIT",,63,"19.8138888","20 / 50",45,55,"20 / 45","40 / 45","50 / 50","45 / 50",83,0.2,99,"35+","sa3008873"
"Christian Koss","SS","BOS",,40,"23.5166666","35 / 55",50,50,"30 / 45","45 / 45","50 / 50","40 / 45",90,,103,"35+","sa3011227"
"Andre Lipcius","3B","DET",,38,"23.1972222","35 / 55",45,55,"30 / 40","50 / 50","45 / 45","50 / 55",84,,100,"35+","sa3010401"
"Jose De La Cruz","RF","DET",,39,"19.5833333","20 / 50",45,45,"25 / 55","50 / 60","45 / 30","40 / 50",90,0.43,109,"35+","sa3008747"
"Sam McMillan","C","DET",,42,"22.6722222","30 / 40",60,45,"30 / 35","40 / 45","40 / 35","45 / 50",85,0.24,102,"35+","sa3004277"
"Thomas Dillard","1B","MIL",,32,"23.9305555","30 / 40",60,45,"35 / 60","65 / 65","35 / 35","40 / 45",90,,111,"35+","sa3011308"
"Naysbel Marcano","C","BOS",,47,"19.1944444","20 / 45",45,45,"20 / 40","45 / 50","20 / 20","45 / 55",88,0.29,100,"35+","sa3008804"
"Hendry Mendez","LF","MIL",,33,"17.7388888","25 / 55",,55,"20 / 45","40 / 50","50 / 50","40 / 50",,,,"35+","sa3015727"
"Je'Von Ward","RF","MIL",,35,"21.7722222","30 / 45",55,50,"30 / 50","50 / 60","50 / 45","45 / 50",87,,106,"35+","sa3004969"
"Antoni Flores","3B","BOS",,50,"20.8027777","30 / 40",50,40,"20 / 45","45 / 55","50 / 45","45 / 55",84,0.17,99,"35+","sa3005489"
"Albert Feliz","LF","BOS",,52,"19.3055555","20 / 35",45,45,"25 / 60","70 / 80","30 / 30","40 / 45",91,0.45,105,"35+","sa3008799"
"Micah Bello","CF","MIL",,38,"21.0333333","25 / 55",45,55,"20 / 30","40 / 45","50 / 50","45 / 55",83,,102,"35+","sa3006883"
"J.J. D'Orazio","C","TOR",,28,"19.5972222","25 / 55",,,"20 / 45","45 / 50","35 / 30","40 / 50",87,0.22,100,"35+","sa3008876"
"David Fry","C","MIL",,42,"25.7027777","35 / 45",50,45,"35 / 45","50 / 50","35 / 35","40 / 45",88,,103,"35+","sa3006787"
"Zayad Salinas","SP/OF","SDP",,26,"18.5555555","20 / 50",,,"20 / 45","40 / 50","55 / 50","40 / 50",,,,"35+",
"Chavez Young","CF","TOR",,33,"24.0694444","30 / 45",45,60,"30 / 45","50 / 50","55 / 55","45 / 50",84,0.29,104,"35+","sa918963"
"Tyler Whitaker","RF","HOU",,22,"18.9416666","20 / 40",,,"25 / 50","50 / 60","50 / 45","30 / 50",,,,"35+",
"Tanner Morris","LF","TOR",,38,"23.9055555","35 / 55",55,60,"30 / 40","50 / 50","40 / 40","30 / 40",85,0.25,105,"35+","sa3009873"
"Ivan Castillo","2B","SDP",,34,"26.175","55 / 55",30,60,"30 / 35","40 / 40","50 / 50","45 / 45",,,,"35+","15971"
"Sean Guilbe","SS","SDP",,35,"21.6388888","30 / 40",45,40,"30 / 45","50 / 55","50 / 50","35 / 45",89,,107,"35+","sa3008185"
"Yainer Diaz","C","HOU",,26,"22.8666666","35 / 50",30,55,"30 / 50","60 / 60","20 / 20","40 / 45",,,,"35+","sa3003386"
"Dwanya Williams-Sutton","RF","SDP",,36,"24.0638888","30 / 35",50,40,"40 / 50","55 / 60","60 / 60","50 / 55",84,,105,"35+","sa875819"
"Luis Santana","2B","HOU",,29,"22.0361111","35 / 60",45,60,"30 / 35","40 / 40","40 / 40","40 / 45",84,,99,"35+","sa921577"
"Angel Solarte","CF","SDP",,39,"20.3611111","35 / 55",40,60,"30 / 40","30 / 45","60 / 60","45 / 60",88,,104,"35+","sa3007037"
"Cristian Heredia","CF","SDP",,40,"20.3083333","35 / 55",50,50,"30 / 45","45 / 50","50 / 50","45 / 50",86,,108,"35+","sa3005731"
"Nick Gordon","SS","MIN",,36,"25.775","40 / 45",40,40,"30 / 40","50 / 50","55 / 55","40 / 45",87,0.36,102,"35+","16337"
"Seth Gray","3B","MIN",,37,"23.175","30 / 40",60,45,"35 / 55","60 / 60","45 / 45","45 / 50",87,0.3,105,"35+","sa1115752"
"Yunior Severino","2B","MIN",,39,"21.8333333","20 / 35",55,40,"35 / 45","55 / 60","50 / 50","35 / 40",88,0.43,103,"35+","sa3003185"
"Jordy Barley","SS","WSN",,27,"21.6666666","30 / 35",30,40,"30 / 45","55 / 55","60 / 60","40 / 45",86,,107,"35+","sa3004148"
"Willie Joe Garry Jr.","CF","MIN",,40,"21.1777777","20 / 40",40,45,"25 / 50","45 / 55","55 / 50","45 / 50",85,0.22,104,"35+","sa3007065"
"Branden Boissiere","1B","WSN",,28,"21.3","30 / 45",,,"35 / 50","50 / 55","40 / 40","30 / 45",,,,"35+",
"Roismar Quintana","RF","WSN",,29,"18.4916666","20 / 50",,,"20 / 50","55 / 60","55 / 50","45 / 55",,,,"35+","sa3014718"
"Wander Javier","SS","MIN",,42,"22.5944444","30 / 50",40,45,"30 / 45","45 / 55","55 / 50","45 / 50",85,0.35,103,"35+","sa917168"
"Jackson Cluff","SS","WSN",,30,"24.6666666","40 / 50",50,50,"20 / 30","40 / 40","50 / 50","45 / 50",85,,102,"35+","sa3010342"
"Jair Camargo","C","MIN",,43,"22.0888888","30 / 40",30,40,"30 / 50","65 / 65","20 / 20","35 / 45",91,0.48,109,"35+","sa917333"
"Charles Mack","C","MIN",,44,"21.725","30 / 45",45,45,"30 / 40","45 / 50","50 / 50","20 / 45",88,0.26,105,"35+","sa3008250"
"Tres Barrera","C","WSN",,33,"26.8833333","35 / 40",45,40,"30 / 35","40 / 40","30 / 30","50 / 50",,,,"35+","19977"
"Marcus Wilson","CF","SEA",,30,"24.9666666","30 / 35",50,35,"40 / 45","55 / 55","60 / 60","45 / 50",90,0.43,106,"35+","sa828703"
"Jordan Nwogu","CF","CHC",,49,"22.3972222","30 / 45",,,"30 / 50","55 / 60","55 / 55","40 / 50",93,,110,"35+","sa3014530"
"Tyler Keenan","1B","SEA",,31,"22.4333333","35 / 55",,,"30 / 50","50 / 50","30 / 30","40 / 40",,,,"35+","sa3014497"
"Starling Aguilar","1B","SEA",,32,"17.5194444","25 / 55",,40,"25 / 50","50 / 55","30 / 20","40 / 50",,,,"35+",
"Ronnier Quintero","C","CHC",,53,"18.7222222","20 / 45",,,"20 / 35","45 / 50","20 / 20","30 / 45",,,,"35+","sa3014678"
"Luis Verdugo","SS","CHC",,54,"20.8083333","20 / 40",40,45,"20 / 45","45 / 50","45 / 50","55 / 60",87,,102,"35+","sa3006888"
"Alfonso Rivas","1B","CHC",,59,"24.8888888","45 / 55",60,50,"40 / 40","50 / 50","40 / 40","45 / 50",88,,105,"35+","sa3007014"
"Nelson Velazquez","LF","CHC",,62,"22.6027777","30 / 35",30,45,"40 / 50","60 / 60","50 / 40","30 / 45",92,,108,"35+","sa3005129"
"Omar Hernandez","C","KCR",,43,"19.6472222","25 / 50",50,55,"20 / 40","35 / 40","30 / 30","45 / 55",81,,99,"35+","sa3010155"
"Adrian Hernandez","CF","NYM",,27,"20.4861111","20 / 45",40,45,"25 / 50","50 / 55","50 / 55","40 / 50",90,,104,"35+","sa3005487"
"Will Toffey","3B","NYM",,29,"26.5916666","40 / 50",70,40,"30 / 40","50 / 50","50 / 50","50 / 55",88,,104,"35+","sa829401"
"Omar Florentino","SS","KCR",,49,"19.7694444","25 / 55",,60,"20 / 30","30 / 40","60 / 60","45 / 60",80,,98,"35+","sa3008758"
"Desmond Lindsay","CF","NYM",,31,"24.55","30 / 35",55,35,"45 / 50","60 / 60","60 / 55","45 / 50",90,,104,"35+","sa874792"
"Seuly Matias","RF","KCR",,53,"22.9138888","20 / 30",30,40,"45 / 50","70 / 70","50 / 50","40 / 40",89,,110,"35+","sa917039"
"Luca Tresh","C","KCR",,54,"21.5","30 / 40",40,40,"30 / 45","50 / 50","40 / 40","35 / 40",,,,"35+",
"Tyler Tolbert","SS","KCR",,56,"23.5166666","30 / 40",,,"30 / 40","45 / 50","60 / 60","40 / 45",,,,"35+","sa3010337"
"Logan Wyatt","1B","SFG",,38,"23.7166666","30 / 50",70,55,"35 / 50","50 / 55","30 / 30","45 / 50",87,0.36,105,"35+","sa3011259"
"Yoelqui Cespedes","RF","CHW",,24,"23.8583333","20 / 30",30,30,"30 / 45","55 / 55","30 / 30","50 / 50",,,,"35+","sa3015137"
"Tyler Fitzgerald","SS","SFG",,41,"23.8833333","30 / 45",45,40,"30 / 40","45 / 50","55 / 50","45 / 50",86,,103,"35+","sa3011257"
"Lency Delgado","3B","CHW",,28,"22.1194444","30 / 40",35,40,"30 / 50","50 / 55","50 / 45","40 / 50",87,0.34,104,"35+","sa3006913"
"Jason Vosler","3B","SFG",,43,"27.9083333","40 / 40",55,40,"50 / 50","60 / 60","30 / 30","40 / 40",91,,108,"35+","16686"
"Garrett Frechette","1B","SFG",,44,"20.5916666","30 / 50",40,45,"30 / 55","50 / 60","30 / 30","40 / 55",86,0.38,106,"35+","sa3010636"
"DJ Gladney","3B","CHW",,30,"20.0527777","20 / 40",30,35,"25 / 55","50 / 60","40 / 40","30 / 40",92,0.47,109,"35+","sa3010043"
"Luis Mieses","CF","CHW",,31,"21.175","30 / 55",20,60,"20 / 50","50 / 55","45 / 40","45 / 45",85,0.33,106,"35+","sa3003274"
"Chris Gittens","1B","NYY",,29,"27.4972222","35 / 35",55,40,"50 / 55","80 / 80","30 / 30","40 / 40",96,0.65,114,"35+","18482"
"Estevan Florial","CF","NYY",,33,"23.6888888","30 / 30",55,30,"40 / 45","60 / 60","70 / 70","45 / 50",90,0.43,110,"35+","19151"
"Dayro Perez","SS","NYY",,34,"19.5083333","20 / 45",40,40,"20 / 40","35 / 45","60 / 60","45 / 55",85,0.21,100,"35+","sa3009299"
"Brandon Lockridge","CF","NYY",,36,"24.3861111","30 / 40",50,40,"30 / 35","45 / 45","80 / 80","60 / 70",,0.35,,"35+","sa3006856"
"Raimfer Salinas","CF","NYY",,37,"20.5916666","25 / 50",45,30,"20 / 50","50 / 55","60 / 55","45 / 55",82,0.21,101,"35+","sa3005597"
"Alan Mejia","CF","NYY",,39,"20.0361111","20 / 45",,,"25 / 55","45 / 66","55 / 55","40 / 50",87,0.23,103,"35+","sa3008420"
"Roberto Chirinos","SS","NYY",,42,"20.9027777","20 / 50",30,50,"20 / 40","45 / 50","45 / 40","40 / 50",85,0.26,102,"35+","sa3005484"
"Madison Santos","CF","NYY",,44,"21.9083333","30 / 45",35,45,"30 / 40","45 / 50","70 / 70","45 / 55",89,0.36,106,"35+","sa3006206"
"Connor Cannon","DH","NYY",,45,"23.2138888","30 / 40",40,40,"35 / 60","80 / 80","20 / 20","40 / 45",95,0.63,116,"35+","sa3010010"
"Leonardo Bernal","C","STL",,25,"17.4722222","20 / 50",,,"20 / 40","40 / 45","40 / 40","30 / 55",,,,"35+","sa3015773"
"Kean Wong","2B","LAA",,37,"26.2944444","40 / 40",50,55,"30 / 30","35 / 35","50 / 50","50 / 50",84,,103,"35+","15994"
"Ali Sanchez","C","STL",,27,"24.5361111","35 / 40",45,50,"30 / 30","40 / 40","30 / 30","55 / 55",86,,,"35+","18551"
"Trent Deveaux","CF","LAA",,40,"21.2472222","20 / 30",50,35,"30 / 45","45 / 55","70 / 70","40 / 60",88,,102,"35+","sa3006885"
"Patrick Romeri","RF","STL",,29,"20.0944444","20 / 45",45,45,"20 / 45","40 / 50","50 / 50","40 / 50",88,,106,"35+","sa3010723"
"Eric Yang","C","CIN",,28,"23.3527777","35 / 60",55,55,"30 / 30","35 / 40","30 / 30","40 / 50",85,0.35,102,"35+","sa1169769"
"Jose Bonilla","3B","LAA",,41,"19.3361111","20 / 45",,,"20 / 50","45 / 55","40 / 40","40 / 50",84,,102,"35+","sa3011404"
"Adanson Cruz","LF","STL",,30,"20.825","30 / 40",40,40,"35 / 55","50 / 60","40 / 40","30 / 40",,,,"35+","sa3005722"
"Edgardo Rodriguez","C","STL",,34,"20.6777777","30 / 45",45,50,"30 / 40","40 / 45","30 / 30","40 / 50",,,,"35+","sa3005532"
"Mariel Bautista","CF","CIN",,34,"23.8","30 / 40",35,50,"20 / 45","55 / 60","60 / 55","45 / 50",85,0.31,105,"35+","sa872535"
"Michel Triana","1B","CIN",,36,"21.6944444","30 / 45",,,"35 / 55","60 / 65","30 / 20","40 / 45",,,,"35+","sa3014681"
"Debby Santana","3B","CIN",,38,"20.9416666","20 / 35",20,40,"20 / 55","60 / 70","40 / 40","35 / 45",93,0.49,112,"35+","sa3003210"
"Dominic Fletcher","RF","ARI",,35,"23.9194444","30 / 45",40,50,"40 / 45","50 / 50","45 / 40","50 / 55",89,0.4,108,"35+","sa1115778"
"Yan Contreras","SS","CIN",,39,"20.5083333","20 / 40",40,30,"20 / 45","45 / 55","55 / 55","30 / 45",80,,100,"35+","sa1169894"
"Blaze Alexander","SS","ARI",,36,"22.1444444","30 / 35",55,35,"30 / 40","50 / 55","45 / 40","45 / 50",87,0.32,104,"35+","sa3007742"
"Wilderd Patino","CF","ARI",,37,"20.0416666","20 / 45",50,40,"30 / 50","45 / 55","60 / 60","45 / 55",89,0.39,107,"35+","sa3007874"
"Buddy Kennedy","3B","ARI",,39,"22.8277777","35 / 55",55,60,"35 / 45","50 / 50","35 / 30","30 / 40",88,0.38,106,"35+","sa3004617"
"Glenallen Hill Jr.","2B","ARI",,41,"20.8416666","30 / 35",55,40,"30 / 50","45 / 50","70 / 70","30 / 45",84,0.25,102,"35+","sa3010335"
"Junior Perez","RF","OAK",,27,"20.0805555","30 / 40",50,40,"35 / 50","50 / 55","45 / 40","40 / 50",88,,107,"35+","sa3005744"
"Jordan Diaz","1B","OAK",,28,"20.9722222","35 / 50",30,60,"30 / 35","45 / 50","30 / 30","40 / 55",88,,,"35+","sa3003221"
"Jhoan Paulino","3B","OAK",,29,"20.1444444","30 / 35",35,50,"30 / 45","50 / 55","40 / 40","40 / 45",85,,,"35+","sa3005563"
"Buddy Reed","CF","OAK",,30,"26.2666666","35 / 35",40,30,"30 / 35","50 / 50","70 / 70","70 / 70",85,,,"35+","sa738683"
"Jeremy Eierman","SS","OAK",,32,"24.8972222","30 / 40",40,40,"35 / 45","60 / 60","40 / 40","40 / 40",87,,,"35+","sa3007005"
"Ryan Spikes","2B","TBR",,36,"18.3277777","25 / 60",,,"30 / 40","40 / 45","50 / 45","45 / 55",,,,"35+",
"Kyle Mazardo","1B","TBR",,37,"20.9805555","35 / 70",,,"30 / 40","45 / 45","40 / 40","40 / 50",,,,"35+",
"Carson Taylor","C","LAD",,38,"22.1694444","30 / 50",,,"30 / 50","55 / 55","20 / 20","30 / 35",,,,"35+","sa3014468"
"Austin Shenton","3B","TBR",,39,"23.5305555","30 / 45",55,45,"30 / 50","55 / 55","30 / 30","40 / 45",87,,102,"35+","sa3009869"
"Esteban Quiroz","2B","TBR",,40,"29.4611111","55 / 55",55,55,"35 / 35","45 / 45","40 / 40","40 / 40",91,0.39,,"35+","sa596560"
"Ryan Noda","1B","LAD",,42,"25.3416666","45 / 45",70,45,"40 / 40","45 / 45","30 / 30","30 / 35",,,,"35+","sa873960"
"Nick Schnell","CF","TBR",,43,"21.35","30 / 35",30,45,"35 / 55","55 / 60","60 / 60","40 / 50",89,0.42,107,"35+","sa3007639"
"Devin Mann","2B","LAD",,43,"24.4777777","40 / 50",55,45,"40 / 45","50 / 50","40 / 40","40 / 45",89,0.42,105,"35+","sa3006869"
"Moises Gomez","RF","TBR",,46,"22.9333333","30 / 40",40,50,"40 / 55","60 / 60","50 / 40","45 / 50",92,0.46,110,"35+","sa875163"
"Alexander Ovalles","1B","TBR",,47,"20.825","35 / 60",50,60,"20 / 45","45 / 50","30 / 30","45 / 60",89,0.39,,"35+","sa3005781"
"Jeren Kendall","CF","LAD",,47,"25.4972222","30 / 30",50,30,"40 / 45","55 / 55","70 / 70","55 / 60",87,0.34,104,"35+","sa829529"
"Jhonny Piron","CF","TBR",,50,"17.1694444","20 / 45",,20,"20 / 40","40 / 50","70 / 70","40 / 60",,,,"35+","sa3015702"
"Jake Fox","SS","CLE",,42,"18.4138888","25 / 55",,,"20 / 40","40 / 45","45 / 45","30 / 45",,,,"35+",
"Leonel Valera","SS","LAD",,50,"22.0666666","30 / 30",40,35,"35 / 45","55 / 60","55 / 50","45 / 50",,,,"35+","sa917320"
"Jhon Diaz","CF","TBR",,51,"18.8388888","20 / 50",,,"20 / 45","40 / 45","50 / 45","45 / 50",,,,"35+","sa3014710"
"Stephen Paolini","CF","ATL",,26,"20.6944444","20 / 50",,,"20 / 40","50 / 55","65 / 65","45 / 50",85,0.24,104,"35+","sa3010720"
"CJ Alexander","3B","ATL",,27,"25.0444444","35 / 45",55,40,"40 / 50","60 / 60","40 / 40","40 / 45",89,0.32,106,"35+","sa3006912"
"Daniel Johnson","RF","CLE",,44,"26.0611111","40 / 45",45,45,"40 / 45","55 / 55","70 / 70","50 / 50",89,0.39,116,"35+","19643"
"Cal Stevenson","CF","TBR",,53,"24.8916666","50 / 60",60,70,"30 / 30","35 / 35","60 / 60","40 / 40",85,0.21,98,"35+","sa3006871"
"Alexfri Planez","RF","CLE",,45,"19.9611111","20 / 40",30,35,"25 / 55","50 / 60","45 / 45","40 / 50",84,,108,"35+","sa3005515"
"Sheldon Neuse","3B","LAD",,53,"26.6472222","35 / 40",45,45,"35 / 55","60 / 60","40 / 40","45 / 50",91,,,"35+","19635"
"Logan Driscoll","C","TBR",,54,"23.75","30 / 40",55,40,"30 / 45","50 / 55","30 / 30","40 / 45",,,,"35+","sa3009882"
"Yordys Valdes","SS","CLE",,46,"19.9638888","20 / 40",45,35,"20 / 40","40 / 45","55 / 55","50 / 60",80,0.07,99,"35+","sa3010037"
"Jhonkensy Noel","1B","CLE",,51,"20.05","20 / 45",40,45,"25 / 60","55 / 70","30 / 20","40 / 55",90,0.42,112,"35+","sa3005579"
"Jordan Viars","CF","PHI",,32,"18.0416666","25 / 50",,,"20 / 50","45 / 55","45 / 40","35 / 55",,,,"35+",
"Steven Kwan","CF","CLE",,53,"23.9111111","35 / 60",55,65,"30 / 30","30 / 30","45 / 45","50 / 55",86,0.14,99,"35+","sa3008536"
"Marcus Lee Sang","RF","PHI",,39,"20.5861111","20 / 45",45,40,"25 / 50","45 / 50","55 / 50","40 / 50",86,0.32,103,"35+","sa3011445"
"Kendall Simmons","SS","PHI",,40,"21.3111111","20 / 35",40,40,"35 / 55","55 / 65","55 / 50","40 / 50",87,0.43,109,"35+","sa3006867"
"Baron Radcliff","1B","PHI",,41,"22.4833333","30 / 40",,,"35 / 55","70 / 70","30 / 30","40 / 45",,,111,"35+","sa3014424"
"Carlos De La Cruz","RF","PHI",,43,"21.825","30 / 35",35,35,"35 / 55","55 / 70","55 / 50","40 / 50",89,0.39,108,"35+","sa3006903"
"Mishael Deson","CF","BAL",,34,"19.0722222","25 / 55",40,55,"20 / 50","30 / 50","60 / 60","40 / 55",,,,"35+","sa3008828"
"John Rhodes","3B","BAL",,36,"20.9055555","30 / 35",,,"30 / 45","50 / 55","50 / 50","30 / 40",83,,110,"35+",
"Zach Watson","CF","BAL",,37,"24.1055555","30 / 50",50,50,"30 / 35","45 / 45","70 / 70","45 / 50",85,,102,"35+","sa3011258"
"Joseph Ortiz","SS","BAL",,39,"23.0527777","30 / 45",50,60,"30 / 35","40 / 45","55 / 55","50 / 60",85,0.22,103,"35+","sa3009889"
"Cadyn Grenier","SS","BAL",,40,"24.7583333","30 / 35",55,40,"35 / 45","50 / 50","70 / 70","50 / 55",87,0.34,105,"35+","sa3008140"
"Maverick Handley","C","BAL",,41,"23.3972222","35 / 50",55,55,"30 / 35","40 / 40","50 / 50","45 / 55",85,0.27,101,"35+","sa3010848"
"Andrew Daschbach","RF","BAL",,43,"23.7805555","30 / 50",55,45,"35 / 50","55 / 55","40 / 40","45 / 50",92,,110,"35+","sa3011414"
"Jordan McCants","SS","MIA",,44,"19.1388888","20 / 45",,,"20 / 45","40 / 50","55 / 55","40 / 45",,,,"35+",
"Bryce Bush","RF","CHW",,32,"21.6361111","30 / 35",40,35,"35 / 55","55 / 60","50 / 45","30 / 35",90,0.45,110,"35","sa3008278"